,ids,name,rank,totalChampScores,Champ1,Champ1 Points,Champ2,Champ2 Points,Champ3,Champ3 Points,accountId
0,446965,Ablazeolive,challenger,434,112,117429,236,115272,51,106632,473797
1,20598223,Baekk,challenger,194,7,115439,69,90489,92,73441,33634781
2,35592112,stuntopolis,challenger,294,40,82364,25,56942,412,53318,50164583
3,61727429,Teamfighting,challenger,77,92,304658,126,68618,238,26007,223913076
4,50877721,Doubtfull,challenger,395,421,1032662,245,210863,427,176745,213788062
5,86459717,nihonjin,challenger,283,36,197011,76,166323,154,109960,237987641
6,7250,Apollo Price,challenger,257,22,195200,202,182761,110,144433,34108
7,19587365,Tony Top,challenger,87,24,150205,3,45013,80,41722,32281250
8,36400685,Faze Palafox,challenger,432,61,353694,112,213378,103,151787,50780141
9,22192687,Gweíss,challenger,345,19,199123,104,179867,79,116353,35872324
10,84389222,Meta,challenger,96,141,136681,28,62719,121,56237,237346536
11,37931849,CC Dean,challenger,223,40,574171,23,137891,412,123013,200950816
12,71749871,Brother Dyrus,challenger,327,41,148388,126,112537,122,85949,230957428
13,37827053,KiNG Nidhogg,challenger,271,59,1361965,121,382295,64,208994,200847956
14,89881848,Duo Abuse,challenger,42,92,69182,59,35584,81,30801,241467084
15,21366420,Gaow Gaiy,challenger,336,98,255222,68,224473,150,218895,34721678
16,54805628,OMG CIoud,challenger,72,412,123861,53,21904,143,18928,217154725
17,59553623,FoTheWin,challenger,168,11,139374,79,109143,28,78549,220639249
18,21295651,Papìllon,challenger,102,81,114967,59,79545,104,77709,34622164
19,60805480,bobqinX,challenger,121,7,129944,236,61711,245,51619,222165743
20,20142680,freelancer,challenger,350,112,171670,432,114846,7,96280,32921958
21,68603405,Keegun,challenger,95,80,941339,64,28789,67,23122,229362787
22,24777351,FaZe Trance,challenger,288,432,363385,412,245585,40,202029,39227327
23,22141445,SandPaperX,challenger,244,43,226339,412,181545,40,126643,35801703
24,33679978,Dylaran,challenger,233,119,357539,412,227088,67,79283,48218496
25,21903966,Pekin Woof,challenger,343,13,174086,7,169912,105,75265,35474353
26,581716,dawolfsclaw,challenger,228,101,433731,161,313934,81,262729,31645391
27,56539172,LL Stylish,challenger,167,238,1763074,161,368233,55,192555,218392585
28,38911162,FaZe Shoryu,challenger,382,236,185306,202,93858,81,86726,201641498
29,42762376,AltecJohnny,challenger,241,81,123140,51,88145,202,66731,205220802
30,24220969,LucLogic,challenger,123,85,349239,240,119009,68,115628,38502878
31,22014010,Manifest,challenger,172,81,90935,51,86729,202,78178,35627513
32,32392626,Dhokla,challenger,324,126,485074,114,472336,39,344019,47198297
33,39630512,davidroo,challenger,300,106,548996,64,219089,412,176468,202375139
34,20636732,Morïarty,challenger,172,4,253096,38,174917,103,118237,33689527
35,25214214,Fragas,challenger,201,20,83713,59,72564,421,67146,39776546
36,26114733,Chimonaa1,challenger,507,21,82063,61,78499,43,74862,40732462
37,20833616,Chapanya,challenger,270,238,74564,245,72536,268,57737,33969456
38,28712666,humans can fly,challenger,142,114,61478,59,55440,39,50919,42930897
39,23350752,Zeyzal,challenger,386,12,136926,412,77345,48,72079,37408415
40,48407989,MLGB Błade,challenger,73,84,365361,39,168525,89,69774,211364552
41,62250480,KeegunS,challenger,32,80,568858,13,4466,57,4160,225764215
42,24154639,yeedam,challenger,308,92,512599,85,150942,8,98750,38417493
43,67105577,Lyo,challenger,358,64,165665,92,90500,67,69195,228653508
44,21202019,5fire,challenger,428,90,80593,202,80019,45,55265,34498223
45,30936371,Jayms,challenger,309,236,127647,81,127144,67,107905,45292858
46,58870068,PunOko,challenger,220,69,142213,245,121661,67,116615,220028092
47,51680686,RobbyBob,challenger,389,238,382861,157,177171,82,168049,214525325
48,40131405,LittleFrosty,challenger,284,4,451312,238,265110,126,142166,203116234
49,19839806,blaberfish2,challenger,311,421,313856,60,309968,121,236746,32578691
50,35570736,FaZe Càm,challenger,418,236,413918,202,323842,18,315337,50115125
51,27796007,bobqin1,challenger,98,7,70119,163,61819,236,33881,42275423
52,88399275,KT Khan,challenger,89,150,28053,59,25845,126,24419,239544376
53,56901374,YIlIlIlIlI,challenger,287,11,319795,28,193307,79,150617,218609902
54,44841787,MooseHater,challenger,373,62,532894,157,197695,136,192974,207608678
55,23245665,Scrandor,challenger,334,53,1020834,236,74963,223,71561,37281196
56,69113290,Ahigholive,challenger,110,236,31161,498,27202,13,20114,229751304
57,30266347,Piggy Kitten,challenger,353,163,169189,13,167990,7,160729,44508344
58,68401488,5tunt,challenger,320,16,100349,40,92360,43,85267,229139287
59,77599094,DQWjdqwdqwx,challenger,142,412,113692,117,81850,18,68490,234051460
60,24671130,Allorim,challenger,299,117,281696,57,230891,223,182444,39077192
61,32544079,tummysalami,challenger,323,27,348593,8,49763,43,37167,47425835
62,21701239,bobqinXD,challenger,222,7,207426,4,101642,81,86498,35196312
63,22403576,Pants are Dragon,challenger,446,60,261712,120,172382,16,142626,36154943
64,22670229,Shout,challenger,248,121,354264,9,315896,20,84084,36541962
65,22180208,Chasing Summer,challenger,320,39,525215,126,202883,92,117381,35857265
66,21276764,Vulcan1,challenger,402,412,629082,201,313691,432,229135,34517259
67,65279879,UUmeiDe55Kai,challenger,393,64,284340,80,138682,53,96828,227214341
68,31423432,salt on bench,challenger,301,432,227635,412,83157,43,70390,45947482
69,19864171,FaZe KatEvolved,challenger,102,55,380018,13,11547,268,8934,32610111
70,86869085,import top,challenger,110,126,36965,68,23032,41,22515,238040526
71,75099245,LHHS,challenger,124,76,120871,64,92713,421,49282,232771185
72,20130821,Wiggily,challenger,297,421,270826,60,264598,76,154126,32968085
73,40036262,MLGB BIade,challenger,143,84,412726,39,201710,89,73477,202988570
74,19920510, Sudzzi,challenger,480,61,191463,13,142479,245,116521,32683551
75,39040566,Líquid Matt,challenger,314,432,321336,412,179782,12,169763,201855715
76,34925733,Jue VioIe Grace,challenger,304,68,250678,150,203097,245,178965,49398962
77,292926,Super Metroid,challenger,109,254,849877,102,83336,56,80965,319760
78,28982480,MlST LFT,challenger,449,412,129776,64,120254,236,105516,43136796
79,20793637,Phaxen,challenger,545,412,388070,40,112400,67,106982,33912957
80,37832463,Eitori,challenger,305,103,114819,238,105120,112,88950,200742809
81,23032750,Ashˉ,challenger,116,429,61862,18,55243,29,37180,37000834
82,19770082,Cris,challenger,325,126,142033,150,125738,114,122462,32484100
83,77539883,salsasister17,challenger,175,76,319128,59,68982,121,62772,234067283
84,23887566,CookiesforSanta,challenger,570,7,1208903,126,195393,64,174539,38090532
85,73759385,Midnight Train,challenger,213,236,104076,429,70359,18,69815,232211194
86,87912976,whitelotus5,challenger,103,498,32004,429,31668,18,30503,239058444
87,23479635,NoahMost,challenger,474,81,105554,236,102158,202,97395,34732014
88,30045762,Leagué,challenger,338,92,1196409,64,215439,58,164117,44275610
89,28663867,Erry,challenger,217,202,628515,236,458805,51,318764,42953504
90,2648,Pobelter,challenger,337,4,114501,134,106963,112,102938,29512
91,38375098,Jurãssiq,challenger,131,81,90420,236,89230,110,51584,201320173
92,70359148,Warum denkst du,challenger,196,412,208208,40,123930,43,95889,230427571
93,20403437,Im Fuming,challenger,134,64,123831,126,74602,157,45689,33361507
94,20315488,Johnsun,challenger,450,18,131807,51,95098,236,79324,33238872
95,50169258,i need some suga,challenger,155,432,65371,412,51056,117,39292,212650893
96,72411076,mvsh,challenger,223,81,86143,236,83242,51,62480,231350044
97,83552233,MLGB Clown,challenger,87,37,134509,143,64314,498,49563,237028675
98,47836799,TRI POLOSKI,challenger,289,421,162883,64,136206,79,91326,210738637
99,170340,OneseIf,challenger,273,18,147018,81,134967,236,124400,197179
100,21124626,Rikara,challenger,463,236,189736,81,157981,202,141945,34389376
101,22654107,self awakening,challenger,569,12,319256,40,269693,412,258524,36523936
102,29533033,Lebron Jamés ,challenger,354,236,116160,202,68889,104,68434,43846129
103,19967304,Shiphtur,challenger,312,245,229839,103,215776,115,166413,32746443
104,25850956,Nightblue3,challenger,355,60,359126,107,243823,121,205213,40424646
105,20918669,elise player,challenger,169,60,193862,64,192842,421,92107,34096520
106,79681807,CHIEF KEITH,challenger,161,236,57720,18,55484,29,47467,234873632
107,22058902,Flaresz,challenger,282,126,174772,68,80556,41,65302,35686634
108,78739091,way life goes,challenger,77,236,114246,429,94160,202,32872,234426625
109,20112175,Rohammers,challenger,316,68,369838,41,317852,245,291678,32944345
110,21794465,chowdong,challenger,192,74,974808,420,145561,238,68095,35322403
111,21490433,goldenglue,challenger,362,13,120978,7,107271,64,86928,34897744
112,51405,C9 Sneaky,challenger,224,202,308609,236,224286,81,177195,78247
113,75900909,UKP Ñeøø,challenger,293,429,400339,81,310271,236,221857,233033899
114,87749107,Rallemus,challenger,121,498,88744,22,56493,202,55351,238435208
115,24017482,Isaac Marconis,challenger,172,13,137952,163,123439,7,71765,38252497
116,68469257,Flareszt,challenger,295,126,106370,92,102646,114,85253,229194346
117,20202108,CLA Tuesday,challenger,164,236,166322,163,138529,134,112558,33071410
118,34022147,Tuesdayy,challenger,342,236,236957,64,196175,134,167761,48340486
119,30366254,Acoldblazeolive,challenger,186,13,62915,112,61892,236,55638,44711577
120,579475,dawolfsfang,challenger,230,101,211546,81,122789,161,113190,31643150
121,36111109,Julien,challenger,293,25,542677,134,531557,112,517024,50656739
122,23552941,deftIy,challenger,231,236,225030,81,162261,51,131793,37631136
123,38275818,jeffrey0529,challenger,209,79,260453,245,101815,203,69073,201333374
124,83640709,MikeYeunglol,challenger,78,64,176017,76,47373,121,41478,236971784
125,80301228,Spica 16,challenger,133,64,125102,104,94673,421,77801,235114359
126,51589239,Pretty Raheem,challenger,205,81,103649,18,99516,429,96158,214351234
127,34983603,Licorice,challenger,445,114,242693,64,115860,58,99935,49572835
128,70132282,XueGao,challenger,259,43,122513,51,94937,7,82417,230353358
129,39987054,CloudNguyén,challenger,216,126,466315,64,371132,68,205376,203001997
130,68301925,Liquid Matt,challenger,249,432,109034,412,97758,43,44436,229152556
131,32178528,Weeknd,challenger,451,164,386585,114,132021,126,108961,38163080
132,20359372,ybooks,challenger,236,81,199873,18,170702,67,166973,33299456
133,48637590,fulano,challenger,168,68,52815,50,47467,24,43689,211798129
134,21542029,Grig1,challenger,275,64,477590,60,459126,421,380195,34970420
135,40984753,GangstahSwerve,challenger,296,60,299169,421,257887,121,133866,203980264
136,19787999,zignature,challenger,235,126,156009,41,89274,68,70710,32508862
137,29799673,Tawnington,challenger,228,64,94312,236,63774,412,55472,44001819
138,21498922,Linsaníty,challenger,398,7,154142,4,127873,112,74458,34910950
139,66929247,FaZe Joey,challenger,250,81,120475,267,117681,40,92905,228269359
140,41258646,5word,challenger,399,69,139552,134,107218,64,106336,204374384
141,65709516,TFW SaoZi,challenger,435,267,573740,16,293898,117,280363,227636156
142,74673,NintendudeX,challenger,372,64,111739,59,72120,202,68607,101515
143,76379684,joong ki song,challenger,132,51,56831,112,53476,236,50162,233364326
144,19698094,FallenBandit,challenger,334,85,147451,114,142824,41,141724,32391976
145,21944884,OmarGod,challenger,241,64,352597,79,76147,107,69050,35531851
146,37512500,TakatsukiSen,challenger,248,143,233256,412,181246,40,170860,200504122
147,34270960,Pyrites,challenger,148,63,254410,161,204672,432,151581,48587580
148,19887289,Imaqtpie,challenger,220,202,139088,236,118315,29,101052,32639237
149,77269277,Vïper,challenger,210,92,665313,76,119772,104,93918,233871907
150,60329217,Saaantorin,challenger,222,64,120908,121,99930,104,93070,221769971
151,72481333,The Real Notes,challenger,146,13,45172,421,41394,15,39519,229692166
152,39957695,rovex,challenger,425,117,270343,7,226318,163,128763,203021036
153,34287847,Liquid fabbbyyy,challenger,150,429,669466,119,369545,202,348039,48721844
154,20962682,Kingslayer Sheep,challenger,244,412,461711,53,171051,40,159567,34162303
155,19543076,fwii Tryn,challenger,75,91,256733,80,24034,24,17777,32236961
156,83312491,MotionPlan598,challenger,47,421,95836,50,27629,154,16854,236868397
157,19296564,fwii,challenger,275,91,582106,23,287045,161,73419,31991041
158,20132258,Doublelift,challenger,198,202,191528,51,136234,236,114560,32971449
159,24858283,Value,challenger,447,81,163054,202,128635,236,125731,39322786
160,20962399,Teesum,challenger,326,40,352134,43,239200,432,195221,34159539
161,20233217,Dragles,challenger,332,67,231509,157,174007,81,172838,33106157
162,28423134,Línsanity,challenger,259,13,43196,4,42736,7,35520,42631201
163,24345673,sun x,challenger,51,8,47988,134,34699,61,32433,38657470
164,21014987,lron Pyrite,challenger,172,63,453469,161,269542,432,255037,34236973
165,40661961,The Tank Man,challenger,292,40,1762731,37,584231,43,438332,203656354
166,20078731,Tmoney,challenger,338,412,718024,40,340257,43,265394,32882605
167,22685289,loiˉ,challenger,412,107,415056,121,298234,79,292251,36564875
168,19067259,HairySixPack,challenger,109,59,48743,2,41082,79,40153,31761738
169,38880034,Soligo,challenger,321,60,403028,61,282978,112,174786,201586599
170,65875,Peridot,challenger,474,245,431370,161,183876,110,90004,92717
171,89909122,lozt,challenger,58,18,38606,498,25947,29,23613,241274665
172,21103810,Andybendy,challenger,335,429,350118,236,263458,67,183944,34361058
173,36119978,Kazahana,challenger,483,421,551658,236,168879,202,110023,50589935
174,77211704,Wintèr,challenger,245,53,330038,43,282351,412,244826,233968031
175,32705024,Falcon God,challenger,275,126,52529,68,45044,164,44804,47660981
176,40540196,Fanatiik,challenger,489,64,340436,76,310372,421,302205,203435391
177,36733439,Irelia Carries U,challenger,92,39,984480,114,24718,122,22587,51248247
178,32225785,Autolycus1,challenger,105,50,444920,90,190036,48,20747,47045113
179,432695,Lethal Zedster,challenger,283,238,477340,268,97995,55,95932,459527
180,86912471,Nugeek,challenger,8,80,220669,51,5691,54,167,238165212
181,25166026,Ivan Pavlov,challenger,166,17,1688795,12,79252,427,45655,39719059
182,21623482,Event,challenger,360,39,546431,81,157070,236,129091,35083312
183,20694079,Day after Day,challenger,452,245,312241,78,234775,53,208652,33773329
184,43652327,Terina,challenger,370,236,471530,81,279522,80,148762,206113598
185,66939106,Mirolla,challenger,166,62,265547,516,59762,14,55011,228418457
186,87749127,TheYeungle,challenger,51,59,38296,107,14017,76,11057,238491838
187,75871549,Ssita,challenger,263,41,75081,245,64367,64,63472,233058853
188,86869244,i need smth fake,challenger,77,432,21337,412,15252,497,13923,238154779
189,21106779,Coach is Beyond,challenger,338,39,620625,126,179333,245,154957,34365411
190,81859385,MikeYeung,challenger,143,64,176197,121,51433,107,33595,235960023
191,19062645,Hungry Like,challenger,147,113,480366,161,449185,26,258611,31757124
192,19647481,Rathma,challenger,467,157,73020,61,65842,7,65232,32341366
193,48700341,MLGB TailsJJ,challenger,409,236,114893,51,103616,157,79196,211570635
194,88490180,Game1234,challenger,99,4,155968,13,149879,236,87372,239623124
195,22139097,MLGB Top,challenger,86,150,66156,58,55371,84,54883,35795646
196,52559520,Tony Top 2,challenger,333,114,840479,201,214510,24,132902,215316290
197,37481045,Rift Raffin,challenger,714,238,294252,13,234234,412,207231,200465862
198,22447403,PrismaI,challenger,518,236,273178,202,135181,429,131653,36235212
199,21193669,Hakuho,challenger,282,25,251870,412,150160,201,131398,34486740
0,24069119,Hate,master,308,236,53711,18,52654,121,51022,38313918
1,79009982,Kuzu no Honka1,master,255,64,163298,157,72506,104,71893,234363446
2,20411671,Heisendong,master,81,74,709365,420,96533,84,48936,33373091
3,91439094,Fox Fen1X,master,67,268,17905,142,9747,13,7420,243351202
4,28993829,xKace,master,379,7,249935,238,190152,112,154958,43155774
5,19877155,cesuna,master,374,64,90797,432,90007,55,58964,32626469
6,22991489,Tangularx,master,300,15,116582,22,97460,421,94762,36955325
7,32680176,50ShadesOfKappa,master,281,40,466848,412,147528,201,122534,47558001
8,91439089,fox dd,master,43,154,27945,59,9364,107,7604,243325682
9,32723343,Budded,master,73,161,1481344,30,53967,26,35657,47623880
10,27794083,mmmmmmmmmmnm,master,490,8,387113,112,238966,157,186710,42270068
11,23572131,Havsanaa,master,120,4,49141,22,29411,157,26723,33270690
12,72905368,Heisendongg,master,92,74,171929,420,102983,136,39544,231835995
13,26979102,Yao Míng,master,173,236,92939,81,75651,104,37635,41743119
14,64825900,howdoyoudoo,master,141,164,49317,76,47370,64,40872,227070044
15,51769879,Natsume Mio,master,428,92,215646,157,135166,238,114018,214504463
16,59189004,Śhady,master,227,25,522428,43,253040,63,232309,220468961
17,22190336,Zenoncas,master,153,64,32496,29,30816,126,28552,35337010
18,24737954,Synotic,master,217,25,771840,412,442757,245,231713,39158418
19,22470439,sunman,master,73,59,85656,4,77144,99,53330,36267342
20,23487274,GochuHunter,master,383,99,227593,202,183618,67,105063,37585156
21,37500815,Hide on bush QAQ,master,370,103,126607,104,81114,81,74381,200463769
22,30812320,uW Goose Lyo,master,116,4,62287,38,30098,114,16822,45069224
23,47676166,eBoyfriend,master,228,121,188602,119,108096,51,63064,210679751
24,30359529,Broken Glasses,master,393,72,233950,121,189406,117,168836,44533821
25,45126443,Mordio,master,190,104,224193,64,193977,2,149695,208004419
26,25885129,Dinosaurus,master,484,76,166456,245,137739,421,91201,40509117
27,21998704,Loopsers,master,424,91,554595,122,204058,25,185137,35604587
28,58839133,Rhux,master,280,163,63345,42,57354,236,46371,219898646
29,43079579,Lzc Is My Godnes,master,570,92,677334,157,309239,41,224239,205534268
30,70029234,Frabjous,master,25,17,522329,10,4829,86,2883,230124260
31,38045175,baka usagi,master,259,121,237592,236,176474,81,108720,201026573
32,21161329,N0 Game N0 Life,master,316,30,64891,28,45930,113,44248,34440387
33,77432783,Shynon1,master,140,51,243951,202,206868,236,187531,234011079
34,30184991,Solcyc,master,437,236,406944,51,323815,202,230183,36430896
35,42649489,rovex2,master,227,163,110799,7,71192,64,53627,205140690
36,47587002,MrPhan,master,125,92,293390,39,46771,498,41965,210443246
37,82950710,BoxeR KFC,master,47,80,375319,38,8077,20,6655,236361952
38,50229422,Mercury,master,407,103,188527,136,174509,161,137770,212682946
39,57539163,B E N J ì,master,272,202,129639,429,119745,18,118686,219147669
40,56965518,FeedingNoob22,master,200,67,159800,64,119049,92,78987,218736463
41,24598046,combine energies,master,310,92,226203,64,129311,157,111459,38988810
42,30938784,Forest Within,master,19,203,123150,81,17439,17,3969,45356567
43,22079495,J2Woo,master,174,64,73847,61,65158,126,46920,35716899
44,30862648,Reprieve,master,113,40,28867,37,25721,81,24648,45191869
45,55974612,KûŠh,master,227,76,352398,64,255129,39,81141,217884274
46,55815684,Deweyyy,master,360,122,1275821,157,278875,119,162673,217912837
47,55361885,Ninja Shen,master,256,40,535125,98,160289,267,105030,217403257
48,47189094,Aconda,master,282,412,199124,429,192172,67,91076,209786514
49,76412589,Bánh Heroin,master,351,1,446184,245,103491,63,85465,233468922
50,21398230,sleepyowl1,master,344,67,251810,202,196155,236,191882,34773727
51,30448175,NoctNoct,master,364,412,229933,64,120509,238,107870,44746209
52,19806051,Str1fe,master,344,202,194658,18,185582,51,182452,32533766
53,21144092,Zergyy,master,584,236,189535,81,180435,245,148670,34415627
54,44479374,Ariendel,master,127,7,58408,92,50402,13,36311,207150437
55,72642691,JustinOtter,master,199,157,128780,236,111488,29,93792,231564640
56,22015124,LF love,master,148,64,260906,76,111948,104,63486,35629084
57,28661837,Albus NoX,master,414,114,1101950,92,267624,62,150107,42922705
58,21836856,xFSN Rin,master,185,29,163469,202,138849,81,116637,35383309
59,26463128,urekaK,master,139,67,327838,236,104337,429,88318,41229769
60,41817320,tujinet,master,405,40,342840,412,312089,99,233456,204641850
61,42133105,Strompest,master,281,13,299263,105,221630,268,114954,205083993
62,129380,undr ctrl,master,313,41,246018,98,195148,6,157829,156219
63,19852412,Melancholy0,master,131,4,45731,236,39720,110,38109,32594804
64,40100452,Maulevolent,master,93,43,129997,69,118401,25,110234,202972621
65,89201664,Lethal Zedliest,master,105,18,44501,498,37834,29,34786,240516163
66,48991794,Jas,master,71,4,107709,81,63358,55,58111,211961946
67,74620683,Draven VS Losers,master,266,119,462006,91,99172,96,78533,232479728
68,29099688,Litemeup,master,348,121,1599161,266,554600,119,206365,43105879
69,34760805,Keloro,master,371,103,438593,150,266793,157,173802,49122600
70,43406464,theFruitSeller,master,408,67,108094,236,105763,81,90858,206016338
71,20485949,Working Hard,master,210,92,183848,104,65682,107,58586,33473976
72,22549036,Superman Casting,master,257,68,63441,40,57324,117,45362,36387177
73,78269679,FaZe dellz0r,master,116,236,72335,202,64681,81,50110,234220276
74,74699211,Glory IX,master,185,154,228350,421,113413,60,107610,232506775
75,34793793,xApple,master,384,412,137030,53,134585,432,126467,49171458
76,27435122,OrainbowO,master,363,157,103614,5,90977,143,44896,41959268
77,35798660,Plabatey,master,158,122,391756,58,245475,33,103133,50466161
78,22156402,CraacK,master,316,105,702010,161,307081,157,252941,35806631
79,68902191,Aharrybeast,master,301,267,162799,412,85066,37,84691,229492440
80,32355,AquaBlue,master,329,4,405921,50,105427,61,98553,59199
81,47187221,Rìkin,master,113,92,267884,157,99384,64,80509,210006163
82,21390175,Fas the Magi,master,438,134,652539,268,334252,13,264346,34759352
83,51840465,Toraya,master,186,67,105983,222,91928,22,91184,214827890
84,68119217,llIIlllIlllllIl,master,124,131,52635,254,52442,102,38857,228843183
85,20947579,R7 Oddie,master,251,412,190176,64,139085,53,128240,34139660
86,73759236,eLLi nOISE,master,168,202,43057,134,37786,163,30709,232127374
87,23162732,LEE SlN BAYBEE,master,342,64,421552,412,369957,76,166430,36169117
88,30401884,CritBloop,master,99,157,192799,131,71725,236,49385,44614157
89,34753465,Ayukura,master,250,40,176706,43,118441,267,92459,40740036
90,34737160,oHowDoIPlayLoL,master,180,7,93063,112,59665,236,38247,49251290
91,19074236,nve,master,62,119,226287,18,38677,29,30831,31768715
92,28640725,FrozenNight,master,373,254,376219,40,285918,121,273156,42800012
93,20227573,BukZacH,master,305,236,504451,81,317785,202,256960,33064075
94,32506961,COVER ME NOW,master,499,81,133910,90,126441,4,102920,47494265
95,50043186,iPav,master,122,17,2518520,43,72123,150,55465,212598299
96,82769101,Invidiant,master,157,40,316385,267,45351,55,35920,236127449
97,35494737,Jesus is Watchin,master,68,119,117138,29,31101,15,23900,50201921
98,63399135,Fachizzle,master,469,107,464239,412,76823,421,72928,226334783
99,34304824,Lobsterman,master,450,119,260300,427,225432,121,196456,48658486
100,23769101,Wazabiee,master,331,7,387978,103,268636,134,205349,37943040
101,83089306,Agonistic,master,321,121,103210,421,99628,107,89199,236468484
102,24220139,Outplay,master,196,67,65909,7,45206,4,31829,38503548
103,20272586,Swann,master,266,61,155771,134,58720,7,50642,33169366
104,22478427,Biofrost ,master,272,412,307926,81,73159,43,67431,36278569
105,20052253,Oasïs,master,338,107,153380,80,125678,122,87294,32857688
106,27429926,Pãwz,master,301,267,1532974,12,312141,115,179158,40933968
107,20628095,Littlekoi,master,381,43,477704,51,93955,114,60712,33677833
108,45122570,Archour,master,139,131,198931,76,108644,112,45152,207895585
109,74089775,Season 3 Gragas,master,71,79,199904,13,6228,41,6050,232399799
110,40822683,Alaan,master,288,51,150211,236,136170,92,132189,203913740
111,63519910,Catalystt,master,283,412,212043,64,186135,76,148074,226299118
112,21214027,Shawner,master,361,41,482492,106,293210,122,127553,34503132
113,22523843,Enriqué,master,352,81,210359,202,198467,42,136806,36354433
114,80119512,IMT triangle63,master,165,81,207502,236,185237,64,91630,234947354
115,35703236,PieCakeLord,master,327,114,229231,164,192393,39,177105,50356217
116,41885666,RTs Appreciated,master,301,412,1090978,150,378106,245,357367,204867627
117,28903785,YummiBananas,master,404,64,547265,77,468502,432,137257,43166232
118,85269314,AltecAltec,master,106,18,28310,498,23808,51,21304,237747507
119,43173587,Herson000,master,314,76,256379,163,188309,126,162648,205172161
120,87759312,NeverHonor4Head,master,75,67,73961,18,21799,236,19909,238752848
121,71899217,Anivia Kid,master,362,34,234202,7,189631,41,118179,230986807
122,47969558,Codý,master,398,92,139239,126,126674,81,106592,210819692
123,87551552,TF BÌade,master,50,84,94267,39,31192,98,11394,238609433
124,57501237,MLGB Bengi,master,142,498,43526,4,37870,64,30626,218944483
125,79969179,antibio,master,157,119,132949,29,72715,18,52874,234843092
126,39264223,LittleFiery,master,136,4,267985,238,108696,126,81156,202183046
127,25743455,BeachedWhaIe,master,249,10,88580,36,56738,85,49465,40308647
128,54946621,a boosted doggo,master,122,236,124281,81,68749,238,50938,217179962
129,47153986,Chomdax,master,403,432,864930,202,298301,14,288174,209916501
130,20704242,TBD TheReborn,master,239,2,175555,57,56026,59,52191,33787491
131,67790541,Vadimoni,master,114,58,157282,22,43755,51,38032,228809537
132,19822981,MLGB Grae,master,189,134,147404,61,44838,13,44831,32556526
133,20314992,Veggie,master,215,40,186209,412,71701,64,48181,33237844
134,63668112,jkangˉ,master,173,85,363912,92,133384,39,107910,220078153
135,44664326,sKILLSHOTz FIRED,master,545,40,228422,412,197988,25,192497,207460501
136,20794181,vStarzzz,master,343,11,1380689,157,359239,19,292374,33913062
137,78732375,06 12 98,master,61,412,205029,202,64374,236,43287,234373100
138,68739786,W Ulter White,master,84,74,425724,420,47880,136,26443,229228432
139,20047271,Descraton,master,492,61,407123,8,248387,7,229418,32850898
140,23079517,Ju Lee An,master,287,64,160494,104,86461,76,79804,37064757
141,23066104,Pandaren,master,320,421,830056,1,176914,62,72518,36234967
142,81199258,amae,master,297,92,394151,164,257793,202,96949,235365550
143,23573965,Blademanzen,master,303,412,1560027,64,514242,53,126645,33033015
144,58421117,Shroudedd,master,133,4,228073,112,215630,103,196073,219529389
145,34871017,Player Level MC ,master,231,55,299632,4,222318,7,191122,49312219
146,26359709,Fidora,master,325,154,714682,114,123055,421,111937,40977969
147,31320174,Vanagloria,master,129,16,466867,143,99324,40,58862,45654816
148,28426754,frozen qualia,master,301,236,292584,81,166285,202,145588,42689101
149,68752650,Wôn,master,379,157,614825,64,268101,92,153823,229336409
150,45678930,Mãtty,master,496,104,208090,236,199833,81,159761,208893172
151,20303983,jimmy hong,master,412,76,178726,121,138421,421,123090,33216890
152,41275742,sdfozfp2423dsf,master,417,92,170876,64,148507,238,148176,204297593
153,32158288,DispeI,master,390,8,171700,41,101953,64,81922,47091094
154,40835255,Sedulity,master,252,67,357376,236,310804,18,267605,203983479
155,85970967,way down under,master,105,120,167777,59,73963,31,38399,237961575
156,21472039,Tower of God,master,430,92,146131,126,96452,164,91994,34873360
157,43635965,quicny,master,361,154,270114,121,139520,236,98366,206214319
158,49511626,Xânder,master,256,81,301085,29,282302,202,273664,212440425
159,37532228,rhubarbs,master,410,121,1500335,79,339388,64,313631,200499050
160,47842921,HuangJintAo,master,233,1,44265,80,30728,59,30689,210622987
161,53373482,An Nuo l,master,396,64,319212,67,150900,236,106688,216068281
162,21910088,Zot,master,458,157,249541,126,104692,103,72690,35483555
163,38804717,MagicConchShell,master,312,40,371771,117,323863,143,271420,201712959
164,45191640,Dàt Boiiiiiiiii,master,354,157,1824767,238,536630,236,162193,207872598
165,50690164,FakeGod,master,249,92,160450,107,55696,24,50997,213236596
166,76850866,HotKoreaBoo,master,147,82,235147,103,149297,268,77770,233589720
167,20678849,I onIy Top,master,376,202,151453,236,119266,41,107513,33751124
168,61533923,Nv Shen,master,276,1,301057,40,182519,37,104492,223346516
169,65239176,Sejanus,master,242,236,156059,13,99624,429,96419,227188785
170,30459756,Savage Corgi,master,336,92,249576,67,90623,157,80777,44557528
171,29628502,mìss us,master,106,117,95371,267,94873,37,84694,41768326
172,31507479,foggedftw2,master,116,23,204631,42,16158,240,13754,46076308
173,30587285,Maulface,master,289,105,382437,420,354312,516,199907,44948671
174,22298866,Sheep7,master,209,412,268862,53,209075,63,86002,36025329
175,24255907,Roll in the Deep,master,28,61,39652,8,13712,126,10363,38547114
176,20072604,Abou222,master,352,4,340223,117,274727,64,167471,32879092
177,73139178,Klixx,master,103,76,345493,421,177813,79,116321,231590500
178,71350797,FatMiku,master,315,114,420409,50,229462,78,141770,230839441
179,21133544,Jeem,master,275,236,93243,67,78412,429,58206,34401896
180,32556358,Gamer Girl,master,331,55,1266436,92,303558,37,287146,47479900
181,28915891,TehCores,master,254,35,92941,77,83066,60,58477,43205679
182,48347853,Edge Of Zed,master,392,238,332197,64,169944,92,79764,209474566
183,31273666,Puncho,master,332,67,366365,236,339380,119,301068,45711647
184,79419813,k3soju,master,269,8,101925,7,91368,61,71797,234705867
185,41216897,4k Games,master,279,90,1751454,432,821809,117,680876,204322499
186,65009177,FaZe Alex Ich,master,466,55,189727,112,169969,13,164617,226908131
187,41777257,Iley,master,395,236,368470,51,291429,18,180529,204608915
188,65160210,Pingyu,master,276,238,339498,103,99561,222,91653,227228118
189,23694674,clowob,master,205,429,98125,236,79153,18,52149,37840186
190,21947923,I Shadow I,master,534,157,463741,114,366249,58,244147,35535518
191,19812679,Lava,master,333,104,83733,427,80751,121,68295,32543570
192,28725693,Based Yoona,master,421,202,297245,236,257633,429,170408,42991427
193,68149078,Korean G0D,master,160,13,48672,112,29486,134,23424,228855790
194,43690919,P1atypus,master,424,114,366645,67,328366,164,324232,206078142
195,26379781,Sonny2o9,master,306,59,1016858,62,182371,85,134521,40988610
196,43668432,Min Karin,master,205,64,187286,76,113674,60,102181,206270956
197,31632622,S65465413,master,239,68,73452,58,53428,126,49761,46183823
198,20044889,gentle lion,master,81,107,188101,421,34663,154,23580,32847581
199,25285716,Haanii,master,342,432,132398,40,120537,134,93936,39699304
200,35128174,Kong Wenge,master,226,81,40882,157,21115,51,18099,49660032
201,27930063,Cpt Beloo,master,251,157,323010,98,141361,245,86245,42387214
202,30085971,HIKASHIKUN,master,142,17,1284283,24,47709,5,45319,44275597
203,32016710,Noobkiller291,master,334,245,438293,92,284008,114,234436,46807657
204,84929136,xin suan,master,106,64,56711,104,39378,134,27416,237520655
205,34402943,merrjerry,master,524,64,205767,74,164307,1,146451,47963702
206,41727487,Synexes,master,397,72,144063,16,126798,60,49673,204612195
207,23765764,Kawaki,master,353,64,88846,236,81945,92,74005,37936196
208,47651522,07scaping,master,234,107,465144,64,389171,32,275932,210556640
209,22701102,EleJiggle,master,268,163,335513,99,270102,103,141875,36585992
210,66591860,cromelb,master,196,23,1539002,1,680543,11,252283,228089887
211,19033054,CoinBoy,master,114,497,69051,25,59382,222,38364,31727533
212,68649297,Anbu Madara ,master,492,157,200398,29,97584,23,94592,229203482
213,20610274,sexycan,master,397,58,66447,68,59318,202,57931,33652070
214,77212642,Aries Niloc,master,195,157,272258,37,56749,163,40106,234009976
215,26410615,Cotosaurio,master,339,134,217807,13,193574,163,162204,40974681
216,20056332,Lerky,master,282,497,164999,12,160990,201,100872,32864058
217,24449515,pün,master,278,64,430043,60,133640,236,122137,38254876
218,47813068,derbi,master,422,157,129652,81,111571,236,100559,210624748
219,47943093,3in1warrior,master,356,58,737235,238,87914,39,86097,210909980
220,34771983,Diivinity,master,445,64,179187,104,81955,126,69755,49135869
221,30972130,Yamikaze,master,276,91,1249606,131,121028,64,69387,45186514
222,22742359,Magi1234,master,271,16,444542,21,237348,7,148895,36639294
223,89229411,19980611,master,48,81,62847,104,41813,421,35781,240322755
224,32653422,Win or Learn,master,155,64,316734,76,277119,60,265170,47620330
225,21871322,Jeff Mangum,master,267,429,59910,202,55705,81,41114,35424619
226,44633286,Vokster,master,227,92,288818,107,256105,114,62544,207427852
227,27872104,InwProjectONE,master,362,64,149136,421,76866,202,70854,42427224
228,21238911,Sickoscott,master,228,203,106716,421,98777,16,92062,34550661
229,20152984,james blanchard,master,198,58,61903,112,46199,114,32960,32997245
230,71376,Easley,master,406,92,374177,4,130874,202,98539,98217
231,52316360,godrjsdnd,master,371,41,686678,112,253170,104,181493,215226854
232,70283154,Inórí,master,222,105,112234,64,49123,157,43980,230390231
233,32593254,IceJunSlowly,master,512,14,371761,107,261587,67,228075,47406851
234,35361116,ygpvhmeOjZk,master,85,92,43106,13,42384,27,34228,49905535
235,24815394,Free Papa Chau,master,189,432,138687,412,124202,43,118572,39268838
236,21351258,Somin,master,192,76,101081,60,59195,64,52672,34709573
237,29360758,Ultimate Whyin,master,439,412,484424,40,257412,76,242509,43592271
238,85269291,DeepIy,master,99,29,73073,18,66080,64,43702,237734158
239,50928107,ROAD TO BRONZE 6,master,409,119,336444,67,180467,236,121488,213802327
240,86901854,etfiwS,master,81,412,107561,497,26282,12,25586,238144548
241,19139093,Redmercy,master,337,238,360230,157,183433,4,104963,31833572
242,63329096,Gnawgrim,master,194,79,463451,24,333148,119,255817,226263509
243,23994262,Dong Oppa,master,485,107,410048,236,277627,67,174973,38223437
244,28961355,RAHÜLK,master,171,126,303293,114,152467,68,61436,43121348
245,265174,Thien Chau1,master,305,202,214484,29,107816,236,107238,292009
246,26442361,Goldjet,master,270,68,145152,126,113935,41,97726,41029643
247,24618834,The Clark,master,336,53,265858,51,219052,67,125011,39014503
248,43484392,Bruised Ego,master,189,27,754926,133,170268,161,135920,205950722
249,62630267,Fruit Vision,master,528,157,347670,240,295268,41,164262,226160570
250,25848742,Teemò,master,308,41,143835,33,99973,121,99015,40405101
251,60783,TheOddOne,master,223,60,181855,2,124079,421,88874,87625
252,73529695,Refining,master,192,4,513482,112,127794,61,107709,232058748
253,32289475,Gotta Win,master,214,104,37159,236,35700,62,35567,34199938
254,49273888,Sn4cky,master,395,111,430785,412,181020,43,150145,212215714
255,21092237,Screamer,master,217,51,196616,429,176791,498,165315,34345604
256,34469363,bad mental lose ,master,312,64,549567,60,464208,76,284579,48718972
257,70191897,adi0s,master,314,92,141973,157,115666,236,85773,230336710
258,78739104,Sanny,master,199,104,103296,236,97905,92,46439,234446522
259,44404255,Qzy,master,429,412,367750,92,246362,28,132068,207285368
260,87139099,flyfly,master,103,60,14932,421,11374,432,9945,238202104
261,401063,xFSN Saber,master,280,29,257198,81,184726,51,182836,427895
262,33111534,reallygoodgamer,master,117,64,379847,60,44116,127,40947,47963407
263,42018127,Never Been,master,308,236,185138,202,105589,429,99447,204938974
264,21189658,jakobjames,master,146,236,50743,18,43179,498,38613,34476608
265,587801,Hyøri,master,141,34,297640,203,141221,238,116952,31651476
266,25430824,HalfSugar No Ice,master,256,34,338902,61,144373,41,129706,40085102
267,26194782,Sun WuKong GG,master,309,41,115920,62,73145,76,61419,40907417
268,70649723,BABEYUNNN,master,258,58,398487,31,120901,29,77303,230442557
269,31994112,NastyNidalee,master,213,76,102388,50,64553,53,51583,46724963
270,64709188,chowdog,master,227,429,243848,236,175525,18,140892,226913554
271,34225884,Blazed Nova,master,341,67,422642,11,142899,51,118692,48678803
272,38570501,tom12192,master,288,412,182126,432,174845,64,120759,201467454
273,41998856,redbus1,master,100,80,215013,78,115792,105,15400,204961068
274,37951773,Donofrio,master,260,498,166165,119,131738,51,128308,200950053
275,43588594,Private ADC,master,424,80,564231,81,110027,236,100077,206277332
276,89540151,ASU THOT,master,47,412,70571,122,66559,126,38927,240941498
277,20187277,Kurvva,master,148,104,61329,107,55416,421,53114,33050274
278,22350178,Ariana Young,master,275,163,120137,267,94303,117,56988,36096807
279,31531320,Gorica,master,333,119,236478,96,145824,202,113319,46150288
280,22736995,hi im a fucboi,master,299,17,1279080,90,814297,35,397887,36605620
281,46343952,Abraham,master,564,412,341122,432,308477,53,200809,209419847
282,65220541,MagiFelix,master,90,3,15823,91,13090,43,12990,227242375
283,72849285,ChumpJohn Again,master,226,98,158653,17,147860,68,138002,231498585
284,156090,Yassuo,master,101,157,1180012,92,30218,238,29096,182929
285,19761072,Xmithie,master,290,104,107302,64,97239,76,73431,32470127
286,31524077,Hafu Jr,master,534,64,139119,92,138630,157,126653,45970199
287,40129524,Boy Gamer,master,312,92,780886,122,319135,41,209927,203073514
288,23467785,Hyper,master,468,64,798046,119,305245,121,203499,37560515
289,22941674,Nëbu,master,210,50,193167,245,129510,133,102611,36892277
290,22181566,Gerrard,master,356,412,591010,51,193097,64,167227,35853502
291,84499306,Tempestˉ,master,78,157,52274,34,21405,92,12246,237350781
292,23368264,Tracy Mcgràdy,master,309,81,61078,104,55371,236,54318,37436192
293,42060215,FZ3R0,master,216,202,131555,81,110833,236,86249,204809731
294,40938801,ioan,master,408,106,201534,150,118922,18,71543,204077338
295,19963418,Yur1 Boyka,master,281,202,158332,236,78203,51,71076,32739326
296,87330006,dayˉ,master,100,236,21338,55,14483,238,11752,238226639
297,35696223,Zhu Pi,master,363,119,241347,421,76970,1,76308,50421815
298,19601325,Disposal,master,120,84,115521,13,53582,131,46368,32295210
299,91419120,God of Europe,master,207,42,119131,429,117518,236,102821,243554303
300,53419238,Zenìty,master,421,61,274543,41,219415,127,207237,215915090
301,4297,MegaZero,master,305,39,118637,68,81193,92,59626,31156
302,24597513,Faith in Myself,master,206,412,205625,40,62900,37,48763,38988205
303,40279866,Kurumz,master,129,105,709019,121,71618,254,69195,200827634
304,45661658,Bao Bao,master,418,107,471036,432,337479,240,76151,208317941
305,29293356,Screaming,master,528,45,638199,157,154612,105,137551,43399668
306,32576527,Danwel,master,486,238,168983,64,153084,107,145853,47471922
307,56149487,Strompest LFT,master,150,13,132443,105,65811,134,59108,218102390
308,87739140,MyMikeMuted,master,45,421,9124,59,8081,121,7299,238491840
309,32354144,Ken Shifu,master,410,126,182311,111,166630,59,127935,47223184
310,20156051,Jako5000,master,210,120,85936,104,74522,121,58087,32886695
311,73483907,mabarry3,master,381,76,613306,79,429199,121,285942,206099151
312,75309165,Wo Xi Huan Ni Ya,master,587,28,151978,64,131813,85,117140,232841793
313,41744176,omero2582,master,289,238,393583,7,348039,8,231564,204554657
314,41955821,Infiltrator,master,477,64,109230,60,95087,79,86820,43638877
315,30212825,Spirax,master,382,157,668028,245,189721,236,158320,44418714
316,30779966,Chunkyfresh,master,121,240,94148,516,47326,92,46410,45012531
317,79610612,GankstahSwerve,master,104,421,108940,121,70775,60,56273,234743490
318,23712722,Oldthebest,master,229,103,313241,61,215352,42,121116,37866644
319,29472568,InfyTurtle,master,171,38,53324,61,45862,18,41187,43633484
320,52895946,Szeto,master,496,222,189467,202,181496,268,144664,215588080
321,24535667,Zile Flame,master,332,154,426260,113,312685,64,190949,38891616
322,33441071,IchuckYOnorris,master,418,98,231387,25,153528,78,152459,47999927
323,21728063,tebomb2,master,115,64,78035,76,57211,421,49727,35233593
324,70011915,snow on the floo,master,232,28,187355,76,184009,107,153404,230086826
325,77380673,100 PERCENT SLOW,master,306,26,385232,45,334346,55,86056,233928671
326,29607673,TL Pobelter,master,335,64,337068,7,225773,25,154175,43948446
327,69653316,Sahyeong Seongo,master,75,412,320394,43,41909,236,22321,229950755
328,46995097,Anñie,master,480,67,155041,121,96780,245,91286,209950319
329,19889688,AkoyPinoy,master,269,35,329533,412,118747,432,55231,32642059
330,23055302,Evexus,master,300,236,350140,67,285698,202,270540,37031262
331,24523124,Acoco,master,241,245,53554,202,49066,51,46397,38898415
332,55629820,Butler Delta,master,343,34,965957,74,117087,41,91043,217672335
333,58331060,Thats So Savage,master,159,61,157110,245,52372,4,48969,219531788
334,20024227,Romanium,master,252,58,1579306,122,121406,59,105086,32820579
335,20612553,psycho Therapy,master,315,120,200663,11,154492,121,152281,33655425
336,39561509,JuIius,master,391,222,371453,79,328725,51,298748,202399119
337,23702362,xRequiem,master,237,81,472364,18,223873,236,194718,37853889
338,22238557,Magickill,master,237,236,129206,119,109901,202,100621,35938971
339,20330990,Collab,master,237,37,164393,40,116839,99,106529,33260302
340,47160847,Asgea,master,187,222,590354,67,547760,96,345564,209804884
341,43879966,The Catmancer,master,595,16,596838,117,453962,40,353001,206303928
342,41818215,Tie Me Up,master,127,91,104914,36,98035,121,55551,204663757
343,29168371,Donahue,master,276,119,249958,67,41831,236,22111,43521950
344,20587865,Wintrading Btw,master,206,164,134132,114,46470,58,28684,33619661
345,30853605,x33,master,461,107,147107,19,90291,141,81287,45222926
346,22079480,Boyfriend,master,288,432,87731,117,78543,267,66826,35714175
347,19920477,Peeking At Chu,master,387,55,128331,157,123149,67,81982,32683783
348,35459615,Justín,master,167,429,283912,29,117045,157,57339,49859755
349,20826894,Sleepyz,master,211,236,172290,8,151456,18,82531,33957841
350,19875787,highimpactplayer,master,259,111,48727,68,45227,114,37494,32623240
351,24412033,Sexy Yaoi Prince,master,330,91,666363,236,194580,107,135304,38750338
352,30314638,DarkWingsForSale,master,320,55,546384,268,218329,112,139799,38953288
353,24982864,S8 TOP 3 LCS ADC,master,154,412,69515,40,29953,43,28398,39478719
354,81780195,Hamster n Peanut,master,72,29,68585,412,13410,18,10682,235703578
355,48240600,Azrael Olaf,master,341,2,765633,238,91650,119,63127,211026005
356,19259932,Geranibro,master,225,119,647358,202,277240,236,257478,31954409
357,20131827,Frostalicious,master,250,236,109253,81,82601,22,61745,32970710
358,52330149,dŠb,master,514,157,270571,67,269971,96,253842,215047302
359,42825253,Dámon,master,476,236,80017,55,63937,64,60613,205304585
360,30117594,UmbrellaYoukai,master,151,4,100822,105,100812,516,54887,44269068
361,38809624,Sophist Sage,master,463,64,199955,81,186504,51,153732,201541446
362,82769263,whitelotus2,master,213,126,53200,92,40878,164,32262,236283954
363,89470845,LoseWintradesKms,master,33,60,51638,421,49080,81,26045,239775695
364,29194631,Alicopter,master,226,12,1565068,11,251979,33,102784,43454652
365,77191631,Kitzuø,master,133,13,545893,107,436547,64,254651,233968691
366,68382105,Fulmer,master,213,245,961401,105,71227,157,58825,229156331
367,90699137,Love Never Fails,master,56,102,41304,203,39971,121,36798,242595917
368,89289245,Klanswoman,master,76,126,103774,114,69602,92,67817,240448291
369,39057961,Imentice,master,357,4,355585,103,306927,238,252931,202031033
370,521955,WildTurtle,master,184,202,77224,81,62139,51,58964,548787
371,66042977,TwTv KatEvolved,master,157,55,278207,412,80946,157,43119,227948429
372,88782023,Perdere,master,116,64,59604,81,40590,60,32192,240114517
373,19199530,Xpecial,master,367,412,408128,12,362459,201,227969,31894009
374,45175718, I E,master,492,64,444136,76,196195,41,182460,207979076
375,29290874,Alcatraz217,master,103,17,1112792,5,44671,92,33849,43360911
376,19659682,call me obaa,master,285,103,90431,236,87985,112,52153,32353567
377,295093,Ginormous Noob,master,212,412,107909,12,83919,43,83369,321927
378,38281967,daddy sallice,master,362,67,204542,51,94422,236,79265,201254660
379,42232735,Angi,master,251,40,169667,103,139634,267,126622,204996535
380,26153361,Happy Birfdizzay,master,185,17,339044,238,278504,105,53255,40709793
381,19556954,Willr0,master,82,143,229740,43,84690,412,65375,32250839
382,22205540,FlREFLY,master,365,236,155943,64,145031,421,132161,35893155
383,86409325,emeliorate,master,56,498,39014,81,32253,18,27525,237971107
384,28781699,Shupian,master,365,91,692057,29,303646,157,119667,42909939
385,20640052,XPsionicsx,master,266,236,207988,64,103465,202,98309,33695373
386,22717034,NomoreChallenger,master,253,61,205282,117,127946,7,50692,36605626
387,90143688,DoubleliftsFlash,master,56,5,28097,102,21586,141,17780,242087452
388,19285521,ColombiaParce,master,182,236,197432,81,166568,202,146763,31979997
389,38898105,IIKairosII,master,270,84,367281,103,96461,92,78406,201795018
390,61542283,huhi,master,404,64,87071,4,77536,7,75648,223306587
391,44989337,C9 Gun,master,135,51,70409,202,66421,81,62640,208283501
392,43873947,Boyyyyyyyyyyyyyy,master,356,1,668637,238,259553,64,169958,206431236
393,24509336,Spectt,master,306,81,148444,236,134205,76,120111,38762169
394,88229545,Gate,master,162,12,56319,497,44802,89,23545,239058549
395,60239803,pilling91,master,97,61,127054,112,126450,42,102974,221288837
396,45294971,Dragonmini,master,245,67,100374,76,85427,104,62266,208236495
397,44554267,feud999,master,338,51,892785,18,306020,236,305090,207435890
398,36432745,v dog,master,110,497,117285,43,48067,40,45411,50832158
399,44483914,Gunslïnger,master,125,74,2464366,41,163603,35,73465,207279091
400,60004918,Silas,master,133,421,286446,154,225422,254,138348,221431366
401,33419995,CopyAndPaste,master,525,238,142988,236,115149,64,113813,48094862
402,84470409,Chanseul,master,189,55,472258,92,64622,103,49907,237393802
403,22037820,Big D Darius,master,445,30,149667,122,110317,14,88739,35658997
404,39996432,Unstopebble,master,272,43,698916,69,507931,25,353831,201843105
405,21201241,Auberaun,master,456,412,134329,43,111271,64,96475,34497501
406,38241938,ecila,master,201,121,36784,104,31867,37,19126,200206159
407,19915644,celstin,master,291,76,535839,40,194829,43,139128,32676333
408,28916805,WHOSAFRAIDOF138,master,210,126,67994,61,30068,13,27509,43233486
409,19732914,Liquid Ezra,master,225,92,93238,150,67508,68,57675,32428446
410,53356246,Disconnector,master,339,67,199461,29,128279,202,120307,216164809
411,33689088,GL IM ZWAG,master,252,101,527926,141,46138,41,45541,48192855
412,20397533,taro slushy,master,278,114,194760,39,185723,78,131420,33352229
413,57029179,HotGuy6Pack,master,222,64,136335,76,122206,421,62531,218758117
414,44839078,Light,master,428,202,150263,432,102282,18,87877,207315153
415,20922536,Chamisul Soju,master,174,62,115569,92,100865,157,59938,34102545
416,84639238,1 baron,master,107,236,49344,110,48042,51,30280,237455078
417,21982089,Pleinairz,master,198,63,443959,3,161179,32,55005,35575618
418,26414130,Kıtten,master,298,60,103831,121,94240,28,83794,41055802
419,22440389,2EzBra,master,315,12,143689,236,129218,40,91111,36225123
420,64199965,Youuuuuuuuuuuuu,master,233,119,1444510,222,219909,51,111754,226640540
421,53499092,Gengarr,master,126,236,26432,8,17083,498,16096,215961266
422,73522720,Jdarko,master,187,33,272204,7,170355,69,119233,232184471
423,54886348,t d,master,197,7,289493,69,246601,103,168164,217177013
424,19577112,bat8man,master,419,12,205996,432,138555,16,128225,32270997
425,19208776,Golem,master,310,35,86810,36,54823,154,51556,31903255
426,78593412,Thats Spooky,master,60,236,86521,202,60447,81,43740,234413528
427,22660387,BearlyArmed,master,343,114,119103,57,105845,59,88342,36532277
428,45167717,Bánh Bao Chiên,master,420,92,989016,126,317822,77,172736,208040964
429,23899576,Not Gage,master,395,412,182292,16,169455,432,90867,38090941
430,28904801,Deanism,master,126,12,42673,26,37704,67,32846,43185734
431,29203966,eIociN,master,304,236,278731,67,246659,51,169237,43443815
432,41849159,Rodov,master,314,24,171970,59,111001,58,74520,205086552
433,47512109,impala,master,336,236,96421,51,69106,432,67832,210286558
434,5908,Dyrus,master,400,68,169719,41,100600,126,98666,32766
435,24648565,Minsoo,master,407,64,193969,79,92754,223,85212,39050104
436,25714944,Sandía,master,346,412,76186,432,66825,43,58563,40332732
437,34680633,Koby,master,308,78,161788,114,138605,39,106647,49110719
438,34235388,Willro,master,326,99,410142,143,335073,12,289377,48672191
439,30433072,miss her,master,111,119,159641,429,49794,67,26061,44644953
440,38973546,KayBee,master,349,7,273994,80,161990,69,139672,201600076
441,20200982,Lotus Boy Killer,master,144,412,82688,90,51636,25,35983,33069875
442,25690873,FirstTimeCaitlyn,master,377,51,1578315,96,182261,81,120670,40206062
443,40272268,cackgod,master,177,157,40956,4,37141,13,28721,203241414
444,37343071,avi is me,master,194,64,240709,121,159868,104,94177,200297075
445,55401833,HazardFP,master,271,432,729744,245,233441,268,223155,217394196
446,21949120,Call Me Jensen,master,61,245,360837,104,37476,17,21072,35537739
447,27400598,Whopz,master,164,27,295525,58,84448,75,63354,41957271
448,82459096,rsrzrcj,master,211,421,80037,120,74142,64,46813,236025496
449,19088327,Antìhero,master,167,126,293183,150,199155,68,126948,31782806
450,28906887,DLLM ON9 GAME,master,268,34,155360,53,137600,1,132341,43224336
451,72749302,LIL PUMP SMURF,master,240,64,782828,76,375571,421,373531,231506122
452,24997024,singed420,master,59,27,987603,24,77029,42,30562,39495372
453,21557951,EvanRL,master,420,202,110203,81,109080,236,88484,34993453
454,25951204,Dare 2 Defy,master,370,236,169774,112,128045,81,116446,40435473
455,47401142,Soulmario,master,477,240,790067,45,395304,41,386766,210143336
456,34315396,Wiggilycopter,master,185,412,36698,143,36108,81,34762,48683140
457,50632853,Code,master,379,421,303945,121,215714,64,197810,213257982
458,80911668,MikeNineX,master,370,421,39081,92,36832,90,34737,235406654
459,45729290,Je Suis GableBS,master,308,81,170258,236,166416,429,127087,208606449
460,30520196,ToveLo52,master,259,104,119382,80,79078,61,73676,44780216
461,30904235,Rikuuˉ,master,39,92,251789,84,37925,18,33454,45230299
462,39877298,Mysterìous,master,93,98,78728,68,75710,126,64306,203015859
463,29019701,Dare To Defy,master,111,236,67030,81,45728,42,33356,43293615
464,158975,i am one trick,master,85,92,278708,76,44776,59,37834,185814
465,37362949,Siddd,master,145,102,639939,76,488977,245,214343,200291026
466,23715786,FaZe Kit,master,262,91,462624,80,270199,245,201341,37872899
467,23519789,Sarcasm Orgasm,master,333,64,119921,107,86093,157,65468,37626283
468,24801053,gLucy,master,511,421,264701,64,264508,236,180500,39226531
469,20240406,Xeralis,master,278,79,283132,103,186423,102,169662,33124681
470,88669121,Akaadian,master,68,64,28757,121,16788,76,14430,239603734
471,90390467,wheniamback,master,62,101,91612,29,51101,18,44304,242196977
472,31410812,GI LEGENDARY,master,337,107,232862,201,127698,43,119517,45902801
473,38751945,Ekkos in Paris,master,315,121,282797,7,185994,38,129805,201646754
474,21622356,PMA Enthusiast,master,284,18,201006,81,191091,236,173396,35082108
475,314903,Balmungoas,master,192,35,188023,33,137055,113,126342,341737
476,89120799,TF Blade,master,52,84,80091,39,29143,13,11567,240442453
477,45335330,TEAMLUKEE,master,392,202,155077,498,154187,18,144887,208252863
478,71299570,MRTONERBONER,master,186,64,61971,79,52315,421,44089,230933929
479,19979141,BlueBerÓ,master,445,412,376842,37,340520,43,240711,32761613
480,30397116,Lemur,master,282,103,491187,61,104616,117,94837,44730604
481,21747804,Yang Neng Jin,master,341,60,561073,64,316801,421,265348,35177464
482,58471961,gyugi,master,184,92,561498,7,46894,104,37585,219559700
483,59666586,Bonsoir Mes Amis,master,445,64,283558,238,128618,157,108199,221052265
484,22206078,CaillouX,master,270,412,193548,12,120629,201,76377,35894571
485,36447212,AsianSGpotato,master,468,157,223838,236,177961,238,118105,50922751
486,22612047,Kogaa,master,314,236,173099,29,148837,81,110310,36462199
487,29773406,Tonington,master,326,412,246067,40,207044,43,190536,44071122
488,48603450,Kax,master,192,24,698631,121,42942,28,28203,211656874
489,77750220,BloodWaterr,master,121,43,355009,201,193952,40,153286,234083090
490,50371119,King Taric,master,356,44,241405,412,180304,105,135879,213028636
491,20327440,KappaSoleil,master,286,12,199223,89,184638,40,158237,33254527
492,27519370,Bobjenkins,master,202,85,1539712,92,221911,68,127825,42135622
493,60823528,LinGa,master,75,429,88835,51,52157,67,33233,222111000
494,30478559,me mental boom,master,243,7,339748,64,317413,238,169879,44765822
495,88551372,top is jg diff,master,89,24,261930,126,44908,59,17660,239725259
496,32158564,Helping,master,317,43,406556,111,261503,117,235205,47112624
497,41233933,MistyStumpey,master,488,126,175053,51,112242,238,107151,204011393
498,35213233,CC Charmer,master,379,101,1002223,55,205763,25,170694,49758306
499,41329713,400IQ LCS COACH,master,116,37,274617,40,86249,18,52681,204143320
500,45871226,F33dMeKills,master,358,26,200470,222,181242,61,117105,208958169
501,83262877,DontDeportMePls,master,90,104,57974,421,42084,120,30283,236885785
502,24347016,TET Doyeon,master,79,35,195231,53,93866,114,56530,38658281
503,39854065,It Sounds,master,162,7,48622,105,37860,107,27424,202723341
504,87599515,iwannagopro,master,118,141,247405,421,135559,121,94195,238416297
505,54786847,Aero Unlocked,master,289,99,537803,67,350219,51,300586,217195095
506,29184047,My Vo,master,190,74,3257950,16,147345,98,52265,43436841
507,22710237,iRTimmy,master,334,112,313300,61,119022,79,111606,36596809
508,21004990,Triplebackflip,master,343,19,808739,43,203862,1,131942,34221269
509,31555496,Lunch Box Hero,master,241,60,147193,64,89590,81,84531,46238625
510,22074992,Airtom,master,370,103,389299,101,200375,134,128041,35691622
511,38886417,DuskDust,master,422,238,517079,4,161443,8,127208,201755961
512,23984272,Rich Homie Jayms,master,151,67,112476,236,79823,429,79201,38210870
513,85269238,Level 3 Backpack,master,402,104,158514,64,157778,236,100064,237696368
514,24560785,Bubble Por Favor,master,261,432,440228,267,158438,53,133855,38945066
515,43560759,Flashcannon0,master,377,57,100066,90,94338,45,92754,206073438
516,30092427,Take Notes,master,400,236,235279,202,201498,92,175769,44197799
517,46354722,Oricorio,master,508,64,97575,412,83740,157,81163,209464016
518,20822144,SayonaraMyFriend,master,443,117,474421,78,285198,16,121504,33953372
519,47547430,CallMeExiled,master,194,107,1323819,157,279884,114,263576,210454492
520,34951738,Calphen,master,389,14,559744,112,107576,39,84343,49321867
521,21009507,Katlife,master,202,55,1041267,53,240588,412,50482,34228085
522,492066,FlyQ Hai,master,324,7,87802,64,74423,4,58880,518898
523,22946266,GaoGao,master,106,7,49436,40,39128,43,37652,36898185
524,38243736,Battlefanaticx,master,297,14,391203,25,210665,111,146016,201294845
525,20052076,Tony Top 3,master,179,114,205149,1,105386,497,75541,32856847
526,58597238,Dubehavior,master,517,50,194775,104,90962,114,82352,219951900
527,20577176,ooo la la,master,321,98,132992,58,122982,41,107463,33605216
528,25060965,Hołlywood,master,373,163,517622,103,474390,99,215779,39582645
529,55925380,n í,master,455,236,286632,222,231717,429,224222,217869178
530,88679165,inputcode,master,71,498,29465,164,21098,126,20098,239698758
531,27470522,Arcsecond,master,258,131,528888,105,249684,421,152705,41966115
532,34925592,Ethiridis,master,412,92,626019,64,139313,157,103195,49423029
533,21456134,Wisperance,master,426,107,969754,427,195408,421,128428,34851753
534,22047417,Dragonlily,master,205,68,335980,7,35412,90,32893,35562236
535,20350869,Rhyos,master,164,238,235678,157,116236,91,99566,33287602
536,73170218,JG King8,master,267,64,84212,121,81051,104,75555,231993300
537,20617709,Yuki,master,109,37,100671,117,31289,267,27170,33653611
538,83570990,Learning Mechs,master,126,92,243214,164,60019,126,48610,236985119
539,41643804,Vakin,master,247,79,590894,64,295129,35,68355,204550481
540,80979709,Pants are JłZZ,master,121,55,163703,81,31480,5,26352,235313317
541,36488045,ROBERTxLEE,master,320,51,180616,429,123731,516,119683,50952246
542,49073015,Rengår,master,306,107,1105173,92,148736,64,105524,211979952
543,29524444,HotHungAndJacked,master,332,59,97643,421,82802,113,67080,43874214
544,26851284,Painless LFT,master,215,43,274389,412,251925,267,172199,41531765
545,24877618,Vares,master,334,114,205108,126,151764,245,129305,39343628
546,75092958,Shut Up Carry Mé,master,177,114,569435,24,166654,39,51313,232908678
547,55805197,Hyami,master,341,421,765540,245,201589,92,200737,217898773
548,21806931,Xeno,master,407,64,114755,76,77326,121,75404,34838328
549,19757901,Takashí,master,199,92,376311,498,276664,222,210785,32465094
550,21193032,dog2,master,476,21,488829,421,139740,236,117863,34486403
551,20156599,Carmen Campagne,master,285,202,66545,236,59330,103,58575,33005538
552,44989327,cloud mandate,master,179,268,89709,69,84409,13,72420,208282883
553,38622759,truckoiwkaka,master,282,1,127609,40,127091,99,103024,201513415
554,32730899,NiLaoPoZhenBang,master,308,76,224767,64,95051,81,47576,45694816
555,42239498,Palafox,master,231,157,95060,81,59970,4,59144,204984207
556,24699965,Victør,master,485,236,197157,67,161619,81,100137,39111346
557,20188316,GusTn,master,229,267,271862,26,78884,16,64974,33051727
558,26083664,hi im Guardian,master,362,202,233990,236,134610,42,111637,40722041
559,25739133,ı am,master,309,29,115019,236,107622,22,102847,40233587
560,36071571,Pooper Josh,master,462,236,379003,8,216733,67,198764,50659289
561,46034868,Shabaranx,master,94,53,216374,19,130918,32,108640,209165661
562,39863245,Me Llamo Big D,master,391,60,296527,64,267186,79,99017,202905992
563,25490904,Mini Nilla,master,96,23,234736,122,30218,62,23758,40099203
564,41745040,Competition,master,416,157,301064,202,256004,161,244375,204560291
565,46531569,Laser Focus,master,328,236,625558,81,252548,42,229375,209604276
566,21752602,JJayel,master,233,43,121460,40,98248,412,95785,35265477
567,59811860,ÕuÕ,master,516,34,430803,10,288991,13,135731,220757825
568,32497553,ShadowVisions,master,267,103,295370,163,175537,268,151166,47500008
569,45164529,Rikinnn,master,136,92,441791,157,163821,76,106880,207947629
570,25361095,Nubsee,master,385,92,483724,157,106876,103,95801,39958218
571,38911216,are you trying,master,421,40,299359,16,239567,67,147751,201642676
572,21084089,123123123123zxc,master,366,51,397747,64,344830,81,327551,34334343
573,20220845,Nikkone,master,256,9,1052707,8,105097,131,59795,33096792
574,20823651,C9 Smoothie,master,256,412,427019,432,308356,12,208823,33955468
575,46390125,dellzor,master,250,429,134136,202,121897,236,118481,209332616
576,10077,scarra,master,519,64,153274,55,126794,131,113867,36930
577,32154744,Fuki,master,648,119,225767,34,193604,79,191776,47023227
578,21269385,Arte et Marte,master,387,64,109336,111,83978,157,74283,34309397
579,25125682,Niles,master,428,157,249544,245,196532,238,191771,39663772
580,359188,Catharsis,master,303,53,307258,74,116346,99,69678,386021
581,40629656,Lail,master,261,412,76586,63,59119,223,40223,203592008
582,32292994,LL Trigger,master,136,222,618598,236,508149,51,323416,46982742
583,50493444,Coltre,master,215,68,198773,40,105041,117,82034,213103144
584,23486163,Dayuks,master,17,121,57726,59,6811,89,5417,37583906
585,87139143,Durrrrrr,master,203,18,119293,29,109267,126,92826,238236893
586,26820836,WsT Kontol,master,312,11,912876,64,211059,104,133818,41519253
587,81370777,Oomni,master,121,29,87994,18,80968,202,79307,235538953
588,70249280,1uAnXIaaaaaaa,master,417,157,158875,67,147528,64,145936,230220876
589,39967181,Ashwın,master,414,64,83426,236,74604,22,70066,203008232
590,76602920,Snackbar123,master,108,236,161415,202,144469,29,95463,233660650
591,76932635,Dardoch1,master,151,64,55044,104,44123,79,38998,233825986
592,20611031,An Obese Panda,master,377,60,214178,236,180606,64,140605,33653150
593,22476330,Minah,master,297,37,368235,40,319845,43,110736,36265172
594,36770366,John Watson,master,227,64,191246,236,47102,498,31810,51175019
595,46122143,Goodbye Pagoda,master,252,13,864791,126,281577,41,252992,209099061
596,35890783,Jiu Jiu,master,455,98,309668,12,216996,238,188165,50509097
597,22422576,Xiaobaobaoo,master,347,67,99759,64,78119,104,61332,36200114
598,84180811,GladeGlintBright,master,49,24,72707,5,35536,11,21557,237285975
599,32403797,Kazaa,master,148,421,278737,113,33039,104,32310,47221378
600,23526050,Aemcae,master,49,134,39779,61,27253,163,26983,37624108
601,450059,Archhangel,master,189,13,101674,236,57408,69,41718,476891
602,23115274,Juhkee,master,267,104,339692,421,142772,121,102179,37112358
603,35164431,FáteFálls,master,112,105,342339,19,80819,103,30585,49799321
604,50759303,The Greed Ball,master,334,421,220372,79,126668,64,115278,213951395
605,75842971,SheGottaFatYas,master,31,157,726848,74,89477,12,8933,233149586
606,20156016,willxo,master,359,42,216569,236,79489,18,68310,33004773
607,25947578,jkang,master,184,68,239096,39,183764,85,159838,40551115
608,21429782,Słash,master,492,98,187658,114,139238,157,129235,34815631
609,44679628,one laugh,master,265,102,136861,254,72665,8,66853,207331634
610,77211676,Revenge,master,190,92,321001,126,188933,157,168836,233967770
611,50719274,I Serenity I,master,188,202,388719,236,312836,81,282092,213210444
612,56365425,Johnaay ,master,326,91,314465,157,213721,119,158301,218290902
613,38610133,SaintKilian,master,300,245,3038154,67,70287,105,58924,201457053
614,25200425,The Holy Slurp,master,423,412,382954,53,97667,432,93942,39738322
615,68733242,maximizer,master,192,134,41021,13,39116,81,36521,229368238
616,26065445,BobbyTea,master,424,39,256689,2,247273,421,178952,40738891
617,22638316,typty,master,403,236,448058,18,217809,202,206783,36464918
618,30741994,Keedori,master,429,202,135994,18,114387,29,111537,45018208
619,36782900,Cavelery,master,462,39,355031,114,295548,245,281921,51235310
620,21399577,Tentacool,master,210,85,299098,59,77369,15,68912,34775679
621,76141980,AD1313,master,95,67,214153,81,77865,236,70886,233287394
622,40026327,urwong,master,240,432,479960,15,183548,40,171067,202991632
623,66735054,darkdonkey,master,135,62,223644,84,135962,29,90921,228250333
624,31592402,CIoudy,master,310,57,383955,43,235036,201,85789,46041971
625,46251158,Åum,master,519,56,609607,64,544102,92,265858,209356310
626,50510636,uyrohSuyR,master,119,18,64455,498,62596,110,31335,213022899
627,47706407,Wrist Pain,master,168,412,239502,43,210587,201,202736,210721968
628,21240218,Photograph,master,172,119,967391,29,136818,18,129710,34551738
629,27251616,Sünlight,master,348,92,137112,81,87658,236,84481,41866574
630,77351819,Saskioo,master,217,421,91816,79,72007,60,70694,233971783
631,82673141,Darren Stevens,master,120,498,451511,236,96365,51,88449,236282911
632,31687588,Freeze,master,226,34,1559222,164,64764,236,35902,46302546
633,51168099,Hen Present,master,102,92,120335,37,43380,40,33558,214111516
634,49300317,Go Eun,master,322,236,212176,67,199339,429,169538,212105208
635,36784041,hi im lolita,master,301,40,291896,16,171861,267,137203,51266333
636,34102828,MLGB Tails,master,64,15,23441,498,19322,18,14444,48320805
637,36031234,eGirl Tamer,master,333,67,289631,157,253652,18,138607,50652793
638,30206248,kT Smurf,master,400,7,171974,112,132170,13,125944,44495926
639,49900027,Solo Q Coinflip,master,402,119,82421,54,68945,157,66992,212536378
640,22696988,OddOJ,master,267,64,742046,60,444267,121,294632,36580110
641,21686553,Staxl,master,286,91,441866,136,64370,126,59826,35176545
642,25232745,Chàse,master,231,35,754450,39,109602,245,90625,39798929
643,41932105,Ai li si,master,369,4,112580,40,110150,104,94598,204773891
644,27739834,KBS,master,100,2,452045,43,44044,25,25361,42170368
645,43235320,Pocket Rhino,master,418,412,610067,79,294197,53,292696,205698621
646,21355245,quìk,master,216,64,249624,53,84325,412,79002,34715121
647,38887759,TheAirIsDry,master,285,40,240925,81,97416,267,88441,201791911
648,58630068,Meowaholic,master,33,37,367804,142,3523,54,3338,219097199
649,20097906,focus improve,master,109,76,59414,64,52613,421,23432,32922429
650,27809820,jbraggs,master,410,101,173872,61,143987,134,134095,41576991
651,20707818,i lost u finally,master,113,29,27973,202,26764,7,26266,33792073
652,77729240,too bad for sg,master,169,12,192692,412,157168,16,138509,234039397
653,41743864,Soro,master,394,121,181855,28,155342,64,105140,204550750
654,41358029,Brugmansia,master,292,41,103522,67,77526,57,51992,204337857
655,41873475,The Eggsalad,master,363,161,2222169,58,89995,40,89144,204781816
656,58469559,Anhe,master,210,64,109489,7,69481,69,67249,219487391
657,40062533,Audacity to TiIt,master,308,8,128734,69,113651,81,78128,203143604
658,83413,Raimus,master,231,134,408201,143,249090,13,206507,110254
659,149434,AzuBK,master,314,99,188347,90,98807,8,59191,176273
660,55484478,COL NasHadS,master,163,67,103206,429,93530,236,91234,217494688
661,35610675,Dem Boyz,master,224,119,386926,105,250919,51,186629,50063379
662,21454581,GingerSpacer,master,305,119,250032,429,163391,67,100529,34849626
663,19959767,TwitchTv Rhux,master,494,7,167282,163,148447,268,147877,32736337
664,24716782,Visaria,master,492,267,193612,40,129594,429,99077,39129864
665,20616519,barrelboy69,master,22,41,301644,8,3942,236,3796,33662349
666,31481913,Jiã,master,512,64,169945,4,101879,107,84041,45932459
667,65162496,NoobTangerang,master,189,105,585152,223,159209,75,83891,227321158
668,28690500,KaNKl,master,204,236,689262,51,345147,412,217906,42878474
669,21718932,SaltFishReturns,master,98,104,76399,203,41033,120,35060,35220761
670,45668239,KillerUnit,master,552,64,431279,60,149723,121,105623,208870229
671,83920897,Ugu,master,263,29,154702,18,91288,202,85648,237126740
672,22879711,Katar,master,447,98,862392,55,354808,39,178235,36815643
673,34042136,Sayonaraaaaa,master,358,59,578072,81,325207,236,257848,48354569
674,32389583,2na0,master,355,236,291247,64,222717,202,156884,47124458
675,28424427,Anthony,master,248,36,123048,10,101083,68,51737,42673600
676,38267808,Nyang,master,192,4,41913,412,32191,51,30130,201378127
677,442232,aphromoo,master,250,432,406097,412,333483,53,156381,469064
678,36653735,foodvacuum2000,master,232,21,87436,497,67498,37,50918,51093326
679,47270400,MiAmorSmile9,master,405,76,229504,64,87815,4,71890,210118969
680,51580106,FNRIR,master,289,67,389141,53,203221,236,201684,214201438
681,50525968,The Harem King,master,202,103,1782062,67,1195558,412,83673,213188499
682,88091841,ROFLMFAO LOL,master,71,119,417553,18,66531,110,28006,239388030
683,77350765,Zentinel,master,240,76,82405,104,69665,120,68059,233930356
684,24742857,12 baby aspirin,master,90,40,340689,16,180950,117,98135,39166446
685,22909808,Donut Delight,master,218,76,79328,79,61289,64,48604,36853110
686,59228553,FAKER D0NT CRY,master,334,7,180090,67,140471,236,116634,220448739
687,21544370,Tuna Sashimi,master,438,16,294484,64,214183,267,108636,34975446
688,33071743,Japanese Import,master,421,427,305324,79,258594,121,132660,47963552
689,37091701,Long And Thick,master,570,90,271030,41,172155,161,124138,200059446
690,20082683,Quantum Fizzics,master,344,136,138841,133,138263,245,105029,32903400
691,47165206,Sawyerr,master,423,432,785055,412,313151,421,200298,209954951
692,33081713,Paper Chàse,master,44,35,211247,22,5739,121,4370,47965707
693,19593888,boy,master,407,81,271075,51,195070,236,175270,32287773
694,79029093,fabbbyyy,master,61,429,102819,498,80711,236,70911,234426715
695,39187147,belowzero,master,464,202,179309,236,131001,81,104442,202251123
696,85699645,11302017,master,95,18,98002,236,51287,59,39857,237843883
697,26600205,çkg,master,216,157,56881,4,54702,268,50942,41302356
698,69719188,Andreuss,master,182,236,310761,202,141695,81,105776,229863159
699,68789199,Wandérer,master,349,105,64555,24,52661,245,39266,229308965
700,44935821,Rimax,master,221,67,166632,40,115732,236,103568,207716661
701,34061684,Hardest Worker,master,80,236,105871,119,57326,81,51454,48338836
702,24925985,Celend,master,292,143,117127,163,108072,61,98932,39404623
703,34057485,Routé,master,444,34,121853,41,119438,54,106602,48449978
704,50710354,Dr Dontblink,master,572,4,228930,245,209575,238,121043,213243643
705,84170816,cant win lane,master,63,134,37685,7,30662,69,25028,237284742
706,23645787,byungshinshekki,master,350,79,91209,432,70198,64,57128,37785117
707,40220617,adams song,master,181,121,198831,104,140078,79,119971,203106641
708,75829621,Banana JurJur ,master,100,64,88550,121,27833,79,25300,232986807
709,307822,llllIIIIIllllI,master,370,40,224274,117,216951,43,160421,334656
710,45236312,mrcangrejo,master,481,64,423342,412,299545,53,257694,208267052
711,21645177,Ricominciare,master,256,4,51098,7,40931,268,37796,35113395
712,20774944,Kevin C,master,158,16,77870,64,67726,99,38627,33885959
713,21025429,LOOOOOOOOOOOOL,master,298,429,82246,236,66294,202,46469,34251312
714,272354,Gamerxz,master,378,268,163629,114,116583,69,109845,299189
715,27721273,Forever Always,master,98,92,367254,104,54749,20,48040,42197963
716,91362095,Jg is Top,master,39,84,77031,126,15961,39,15153,243415028
717,23149456,Dø Nøt,master,15,27,441666,98,2727,111,2588,37155416
718,35024547,wwwwwwwww,master,406,104,178903,64,127634,121,97557,49604121
719,29317015,cheisu,master,258,81,349631,236,211353,202,130644,43513309
720,48664738,Swordˉ,master,234,412,153779,40,112027,12,110863,211672986
721,22292020,FaZe Clyde,master,366,412,557007,202,119777,64,117864,36013420
722,26383788,JoonRoot,master,324,64,108264,76,61601,421,53897,41052833
723,22863028,Alaan3,master,40,29,29682,498,18877,51,10931,36794236
724,91152246,Salty klaus,master,50,119,68098,133,18072,429,17951,243423552
725,24509853,HoboMaxwell,master,311,122,177833,157,50772,26,38879,38870874
726,19061980,Liquid Lourlo,master,293,150,126740,114,124342,92,102521,31756459
727,25022297,Tòmo,master,405,236,120316,67,117712,202,87801,39525754
728,70769292,GoodDravenPlayr,master,35,119,72518,429,16727,222,16334,227058702
729,44989338,OrangeNation,master,184,90,65627,31,46010,117,42906,208283502
730,86869293,9k jg,master,72,64,23564,76,19658,421,16377,238187643
731,24494578,Poppers OP,master,306,157,219305,64,177463,7,137394,38854250
732,20731155,FaR007,master,187,432,299610,412,231580,25,81707,33825903
733,54059235,fwii Talon,master,102,91,464469,99,85255,89,43785,216696231
734,48363071,Hi Im Michael,master,417,79,90956,51,88778,67,71782,210849214
735,29161654,mulgokizary,master,172,76,113077,64,101978,60,96205,43117625
736,47212115,Tactical,master,367,236,256232,429,191458,67,189230,210168186
737,44912458,holy krp,master,298,157,1059338,268,242363,136,166179,207624584
738,19383013,Jámes Jeong,master,244,81,47928,92,41444,126,36752,32077490
739,23775048,Maxtrobo,master,413,202,79002,126,74429,236,62409,37950111
740,26352048,Bathtime Ducky,master,288,236,205695,498,80337,110,77801,41027796
741,87439213,Taigalol,master,190,141,82992,421,65082,121,48933,238313919
742,35605078,Riceballs,master,124,119,280103,412,43843,267,27756,50226677
743,87279924,Feathered Soul,master,60,67,103299,498,84061,96,31823,238223710
744,49159160,Søren Bjerg,master,195,268,89819,7,75120,163,62768,211982516
745,19841939,Sohnar,master,216,498,113128,202,89922,236,87331,32581508
746,40784909,Venerated,master,289,26,525958,103,333981,238,234945,203725334
747,77720407,Karasmai is back,master,162,104,117292,121,105297,119,75729,233246710
748,40920065,Pepperidge Patch,master,342,19,304062,161,168879,25,139317,203858410
749,23353829,Jurassiq,master,180,236,411147,81,354447,64,342120,37418002
750,77190026,NoLaneWinGame,master,192,27,664349,78,65223,412,60403,233904344
751,66052640,rikara11111,master,205,429,90909,67,63217,18,59123,227934807
752,53317980,OG Maria,master,158,412,384455,40,277787,25,199409,215818103
753,88702082,nightˉ,master,61,498,23560,18,19458,429,16455,240174961
754,75290273,Jorg Ancrath,master,31,92,531631,107,195199,420,31562,232811463
755,71715,MeNoHaxor LFT,master,288,412,245069,40,221607,43,218184,98557
756,32171663,Mr Control,master,242,40,1028798,412,395006,117,222955,46959965
757,26244755,idit degen,master,346,498,119424,202,104112,29,99585,40907634
758,21371454,ScrubNoob,master,198,107,1402801,29,36554,92,34059,34736898
759,36512012,Body Those Fools,master,337,268,517739,238,102902,157,92025,51043787
760,50793320,Mister Meowzer,master,223,412,47868,12,46128,79,40401,213632407
761,525979,Im a good boy ,master,67,29,228860,429,157749,236,57063,31589654
762,51381792,Mental Stamina,master,218,81,143380,236,126306,202,109556,212688430
763,48504279,YourBoy Jin Baby,master,495,238,142138,64,114718,236,99523,211390445
764,69901211,practice improve,master,116,126,183531,59,109536,164,84567,230052564
765,62316830,Shadarek,master,150,421,244776,55,118681,222,42224,37046280
766,43361425,Blue Guilmon,master,150,40,973812,37,713950,16,165168,204556132
767,21451895,Codê,master,397,67,432243,51,373285,236,249025,34840976
768,72450596,Louîs,master,441,17,705944,104,230075,18,159156,231331683
769,48193601,Go Legend,master,389,421,401091,64,226714,104,174052,211103379
770,27282584,SHES PURRINN,master,204,202,351426,51,241103,18,216289,41887218
771,77392135,josh 22,master,165,238,196894,7,95553,119,59504,233985686
772,47409305,Cuo,master,478,202,309251,222,309208,236,303394,210967730
773,28609701,Riesig,master,282,114,140479,150,81533,245,67841,42768832
774,50363420,duoshark1,master,175,76,122118,60,111460,126,105714,213095506
775,77272800,Àçé,master,386,202,94511,81,83735,114,83020,234014361
776,21503614,Cafe Sua Daddi,master,419,236,94115,67,91727,202,76134,34918233
777,25270227,DusKRaptor,master,220,236,151584,202,139039,81,66814,39809299
778,30862532,Paco,master,288,34,484796,143,124226,16,114257,45200515
779,25021938,Wunderful,master,386,62,625952,114,414074,157,310880,39523518
780,50653841,Galaxy,master,405,157,217632,236,155982,202,149251,213318061
781,30156699,NeverSupporting,master,330,105,295673,236,82211,104,78583,44249532
782,90620190,JfIaxo,master,74,202,44536,21,43087,40,23857,242707207
783,28319365,you ni,master,395,92,226210,64,140368,104,99593,42543946
784,28961553,BusioC,master,449,55,329274,104,84437,92,75830,43133455
785,69892366,BestGravesCnMA,master,179,104,320612,64,124106,421,103993,230102990
786,20916630,Crits R Easy,master,424,23,263774,64,219921,41,119858,34095169
787,84509505,Lytoc,master,139,154,222205,421,99432,121,51338,237359543
788,83339297,god tupo,master,212,64,48514,104,28898,121,25641,236898100
789,32672912,Tanner Damonte,master,367,4,163724,238,92593,103,91957,47607202
790,64709121,Diamond Oppa,master,199,67,152165,81,92138,1,77217,226846328
791,71649994,18CM,master,482,53,341739,90,198673,32,117922,230976896
792,32909028,Ghostep,master,244,76,143515,64,128447,81,84237,47906965
793,77629935,Houdini Brandini,master,202,150,71510,85,70553,68,61690,234070705
794,35336480,Outclass,master,379,268,881205,112,386968,103,273172,50043521
795,65739198,CjayoSaurus,master,340,40,446949,44,333287,99,330993,227619359
796,23701242,Ew Michelle,master,139,81,151715,236,98313,18,92546,37852820
797,24798193,HighKeySavage,master,220,236,229718,238,115852,38,108372,39201722
798,41335915,Sahatsu,master,516,236,358757,67,257777,119,249905,204247561
799,60845325,Mr Lin,master,331,157,277179,92,131258,64,112159,222117243
800,65399193,Nikkajojo,master,251,41,108481,157,91589,136,89437,227507767
801,41707141,Strüx,master,512,64,303477,79,115560,92,110965,204638446
802,36772244,EU Import Jungle,master,147,121,61521,59,57274,421,40131,51226591
803,64755334,AbigSmallDove,master,92,119,126074,236,42256,429,23491,226271858
804,24295656,Winsen,master,293,81,172623,236,141322,15,123380,38596165
805,37032735,Redhair bb1,master,173,60,216054,59,102552,67,53873,200079904
806,26718126,iwnl,master,195,412,167253,497,80451,59,63923,41473870
807,87502103,parq,master,51,29,259631,18,53059,51,47911,238653116
808,19738326,chopwoodcarywatr,master,310,114,161246,126,107691,68,93878,32436558
