,Champ1,Champ1Points,Champ2,Champ2Points,Champ3,Champ3Points,accountIds,summonerIds,totalChampScores,name,rank
0,157,82739,75,46520,202,28055,234978494,80260196,102,TheMuffinMan97,NA
1,201,48127,111,36525,98,26851,233380588,76370158,309,Molegg Bal,SILVER
2,121,90339,238,89519,157,70483,216581538,53785856,468,141Masters,GOLD
3,75,258331,105,221349,5,210854,226575957,63970147,267,Pheejhmoo,SILVER
4,107,20316,37,12016,245,11959,36679824,22775348,89,DUNKNGOHAMZIES,BRONZE
5,107,105291,412,68677,245,57196,226812075,64806487,497,YABO2,GOLD
6,40,109800,18,75305,236,58397,201732981,38976245,297,TW Mina,SILVER
7,55,128389,103,98468,61,69857,234887208,79962076,163,vampiresland,SILVER
8,32,112363,111,68027,120,40472,235340484,81140287,175,GXuanMing,SILVER
9,157,110457,84,35530,23,29069,237796795,85390052,171,TossThoseDigits2,SILVER
10,105,103838,238,34771,103,31927,47735787,32860316,144,Im 2Trickky 4 u,SILVER
11,19,54685,131,50718,236,48405,47821633,48539442,205,XxlivewirexX,BRONZE
12,13,238178,3,135675,25,8213,38397600,24138548,54,RazorSight,BRONZE
13,89,113182,99,102926,245,78337,231352965,72511123,91,killerkillset,BRONZE
14,29,120125,45,106815,10,98408,232505399,74471176,356,FuriouslyClicks,SILVER
15,35,627981,19,13561,41,6895,235670381,81809523,29,gildednoob1224,SILVER
16,141,59307,131,51369,110,51166,43761070,29519782,272,mask55,GOLD
17,18,79938,101,75033,21,55041,200300024,37263509,110,NickNumero,SILVER
18,104,33550,245,24909,59,21623,38839342,24482908,240,Goldmuncher,SILVER
19,110,116660,61,48341,25,39945,222726721,60884015,208,Swiggz,BRONZE
20,64,602396,81,162170,51,100348,49223481,34795846,313,SidewalkShowdown,SILVER
21,202,177413,86,80568,223,76420,233957640,77341410,254,craftwarrior11,SILVER
22,77,56025,36,18118,222,14790,186936,160097,190,Bashlas,SILVER
23,111,152982,412,146038,16,103411,202219993,39126092,287,ziggywillfred,SILVER
24,81,317483,51,227554,150,178937,203281699,40243803,288,Eason0322,SILVER
25,126,65294,245,30031,164,29185,32645089,19891961,104,ScrubMcMuffin,SILVER
26,163,45236,78,36671,17,36641,233818093,77072396,248,NoSpeakEngg,SILVER
27,238,156789,41,155130,112,67880,32141552,70989420,304,SemiHuman,GOLD
28,412,73846,67,65459,64,42087,207955523,45117935,310,RSVL LAX,SILVER
29,236,125463,102,103786,38,73667,219648671,58405294,213,W1NTER305,GOLD
30,157,247740,64,138793,8,118053,206972145,44449248,387,BambooEatPanda,PLATINUM
31,157,181737,64,116131,55,112243,220706859,59730182,338,inting yasuo ,GOLD
32,67,111675,412,90445,222,68520,215060880,52370577,348,mexicano6969,GOLD
33,161,408046,111,164677,157,95448,232160389,73742071,307,SecondAirbane,GOLD
34,412,83291,134,74367,201,68517,51355723,36837777,330,Vexitron,PLATINUM
35,150,53281,26,37267,114,31555,42138601,35742727,255,Tsuyosi,GOLD
36,92,266637,67,246145,55,211755,39292463,37415276,534,STUCK GOLD 2,GOLD
37,154,209334,412,151055,19,112700,211611505,48532185,248,sitonmyfacenspin,PLATINUM
38,236,534120,51,157362,18,138987,43102441,28964875,345,somefatcracker,PLATINUM
39,412,151060,58,59804,75,52572,200145224,37145625,281,Athlete Mike,DIAMOND
40,223,217419,105,125410,81,97311,225712572,62261110,251,PumpkinEater69,SILVER
41,154,156027,122,139708,141,79465,234868970,79901713,228,MrOrange741,SILVER
42,119,48876,18,20704,21,16963,203344201,40358659,77,DesUberNiis,SILVER
43,143,308769,37,193780,43,89284,231416361,72809129,160,supportplz2,BRONZE
44,23,15409,98,8743,238,7862,200700240,37810647,70,loufl200,SILVER
45,78,793155,117,257047,18,175379,234035827,77709163,258,AngelsTrumppet,BRONZE
46,37,617485,267,610107,201,441131,200343153,37355293,289,MiiMiu90,BRONZE
47,17,48969,75,42059,54,41122,213228505,50730028,145,MADHUS,SILVER
48,22,355882,37,287286,83,176812,233825267,77082691,113,fec3,SILVER
49,164,78544,75,63999,236,48092,210302556,47612371,234,MisterPoverty,SILVER
50,35,60853,11,60041,32,38572,222646341,62239736,48,KURRY THUNDER,BRONZE
51,90,152729,22,119473,110,57473,200659314,37679656,170,Linabuns,BRONZE
52,25,243156,99,186288,222,87072,200701180,37870589,105,Faizeout,BRONZE
53,64,81151,76,79451,202,45653,232304040,73800680,141,KS101,BRONZE
54,45,540629,240,491086,91,341337,235397633,80931440,156,TruNature,BRONZE
55,18,79454,222,71796,12,68807,228064217,66601234,196,PhxbiaHD,BRONZE
56,17,28052,11,2695,44,2197,41334022,26670948,19,dollymixure,BRONZE
57,99,295615,267,210732,16,114910,235081220,80380456,87,AnnieTheLolyta,BRONZE
58,126,34384,91,25402,245,23383,239242393,88080186,74,DontBeBronzePlz,BRONZE
59,120,437385,5,248783,22,238648,48291317,34129643,306,hundredandfirst,BRONZE
60,25,113027,72,49279,45,26973,230955618,71659461,92,SpeedyShark,BRONZE
61,99,87007,1,84594,86,53918,221872240,60492502,95,JpL Rko,BRONZE
62,202,25242,119,20696,222,17829,214270566,51452192,168,8nick2,BRONZE
63,67,198122,5,130460,10,68681,214578146,51722905,153,TietDuongQuy,SILVER
64,222,439642,51,166480,202,107849,233275703,75993012,265,Awesomedude8888,SILVER
65,41,113422,114,38833,516,30389,43999965,29819443,280,Young Mafia ,SILVER
66,157,98233,90,83145,29,69780,208377049,45561832,279,theolnighter,SILVER
67,89,101717,78,53250,83,51722,206970574,44272876,236,Keyna341,BRONZE
68,111,431715,53,195370,99,142854,219846391,59141899,195,Walkin Red,SILVER
69,5,161301,54,108031,53,86807,230547469,70582093,326,superspleefking,SILVER
70,64,63718,60,43700,254,34365,50539173,35912538,204,hulk8542,SILVER
71,222,604615,106,228139,58,186287,206875539,44289729,243,WhitePeopleTacos,SILVER
72,110,195223,236,108912,62,73754,201462924,38710241,326,The Nucleus,SILVER
73,32,123767,254,80175,51,54906,201590964,38859657,330,The Smooth ER,SILVER
74,98,108529,37,94152,84,85422,39145055,24725562,320,monster707,SILVER
75,245,45265,516,35781,202,26504,47457991,32970061,176,Bick my Lalls ,SILVER
76,37,315078,62,68241,25,40331,228562709,67133171,40,Larry SRT,SILVER
77,161,42690,202,39328,26,17458,208279473,45296331,198,XxKingWilliam,SILVER
78,21,19545,267,9967,16,6400,34639835,21327980,21,Zambooki,SILVER
79,222,274947,37,38544,40,27564,237705169,84991194,55,Míley Cyrus,SILVER
80,64,127827,154,99949,92,76008,45365807,30908793,306,CosmicTheory,DIAMOND
81,103,289123,245,184292,222,178042,213588201,50821675,345,The UN,PLATINUM
82,92,158947,238,134369,121,132050,212031366,49348187,524,GP Takes  TP,DIAMOND
83,157,454132,4,178790,222,132641,217481888,55424995,407,sup dogg,PLATINUM
84,412,148515,25,72446,236,65170,41601635,27766981,337,Kitcat,DIAMOND
85,13,206876,63,118551,104,102227,46405266,31712918,251,Blueie,PLATINUM
86,89,231895,236,221478,412,130417,35018398,21575536,298,Shnauz,DIAMOND
87,92,487951,157,183071,105,123941,210270881,47598672,297,Gaì,DIAMOND
88,64,296464,154,194281,107,138208,208040252,45107857,522,Hi im Stollie,DIAMOND
89,34,907698,54,105460,11,66729,233411461,76421043,166,Hargunator24,DIAMOND
90,64,84620,157,61421,268,55476,205946388,43403951,181,yoonation,GOLD
91,107,126732,119,90736,67,84226,47459631,32545448,318,Okaebi,GOLD
92,48,121550,72,65578,68,14314,216296927,53640102,58,TheeGoodDr,GOLD
93,201,720889,48,228222,26,210044,49170010,34793544,150,ALWAYSTRUSTBRAUM,PLATINUM
94,157,175923,35,104349,64,82643,208433121,45513905,362,ScarredForLyfe,PLATINUM
95,102,50321,51,38982,22,33925,201771003,38847588,138,Vyne,GOLD
96,51,202119,236,91328,1,86487,33123659,20239371,234,qu1cksh1t,GOLD
97,119,76042,157,75779,75,39610,39073843,24669301,177,WONDERM4N,PLATINUM
98,37,303206,21,258619,16,247143,216982745,54850976,290,    Dâm  SML    ,PLATINUM
99,75,242093,24,220652,51,104244,227462657,65440063,203,juhun1219,DIAMOND
100,112,111016,238,69952,67,57214,1318568,78499124,254,DILMA 13,SILVER
101,245,256154,5,20380,114,16897,233220058,76312158,284,Ackmarddak,GOLD
102,5,114398,11,44248,41,42493,224107768,61832795,238,Lãg,SILVER
103,63,483716,201,205594,25,95154,230348733,70332154,127,JustBeKilling,GOLD
104,103,79646,92,75341,429,67894,226507827,63458093,374,DarkMexicanRules,SILVER
105,5,22344,33,16385,57,10495,32343715,19649830,49,OrcaVal,SILVER
106,119,352065,92,98570,32,63545,201478626,38630996,280,Take My LP,SILVER
107,35,111695,64,89929,92,81637,233315696,80069632,350,TeitokuSama,NA
108,157,605203,114,149568,55,73772,228947816,67981332,227,hellobacon,GOLD
109,254,260888,76,165898,121,115781,200221521,37303323,304,Mr Coincidence,SILVER
110,122,235366,111,203753,429,93458,205165099,43019320,317,TR3SS,GOLD
111,18,183517,51,154310,40,43996,33652428,20624596,239,AYordleNamedLeo,GOLD
112,432,175878,103,123982,222,71972,46467366,31854473,426,Deathrelic,GOLD
113,150,105917,67,99686,2,63762,214031567,51057630,392,Carp Da Fish,GOLD
114,202,156557,78,145762,245,83851,210682065,47844908,511,Pílty,PLATINUM
115,40,128777,412,81751,201,54662,48561877,34270646,380,Light Ethos,GOLD
116,19,56311,79,45579,67,41747,41905006,27233456,236,OBG sheenteemo,GOLD
117,79,62519,64,61941,54,59318,200420216,37238761,448,Mixed Nuts,GOLD
118,59,27795,13,13862,31,8485,49016108,40941907,56,AnimaDyl,GOLD
119,429,146086,67,137665,222,117487,210645942,47813927,216,Avery246813579,GOLD
120,245,223730,24,135419,82,127675,49727886,39692111,284,Will Smiths Son,SILVER
121,53,251116,267,106957,25,99746,42656973,28383807,498,BuyUrOwnWards,BRONZE
122,51,118749,21,106986,53,80041,214219953,51400540,228,showdominance,SILVER
123,15,67146,102,58867,89,55719,37541950,23452928,277,cidikarus,SILVER
124,1,462056,16,403761,99,111860,219599458,58454070,197,Xenovia1,SILVER
125,222,417631,157,346477,21,262484,216978153,54870857,123,ShintaBattousai,SILVER
126,5,519173,19,161820,90,96020,33409511,20459661,330,Noveaux,SILVER
127,86,201296,90,138890,80,87564,33769546,20691721,128,Ambrosius88,BRONZE
128,84,96251,55,75488,157,63505,50998020,36650555,356,Hopsiinn,SILVER
129,53,510642,99,146580,25,82641,231625882,72890081,148,MFryett,SILVER
130,420,139683,2,113566,104,103124,35365557,21824933,259,fLeefools,GOLD
131,32,154470,131,116931,203,93862,227859211,66290726,251,43SD43,GOLD
132,107,82579,41,78474,61,73144,216918460,54999381,387,POPO1094,GOLD
133,412,212489,236,115179,51,113201,32495220,19777808,251,Mikeyyo,GOLD
134,62,202310,154,202076,25,142674,34671373,21326221,292,ViperZ13,GOLD
135,498,43746,29,40574,119,38308,40524523,25945567,128,CLG WeeWee v2 ,PLATINUM
136,14,139241,122,78968,2,15330,234001103,77362425,100,DarrenBobb,GOLD
137,236,50875,76,47883,104,47115,209620110,46701899,139,getsTHEchesse,SILVER
138,7,307869,99,218514,103,135711,48901105,44015201,150,Vel0uria,SILVER
139,17,322883,86,116042,11,88884,219712739,58739540,117,Boom Go Shroom,GOLD
140,236,130852,412,111993,18,77404,218021543,56008314,345,dalong123,DIAMOND
141,53,128098,412,94349,117,41467,47220847,32413721,302,AFRlCAN,DIAMOND
142,421,418660,121,271413,104,239315,232794121,75179852,341,SKT Trash,DIAMOND
143,41,467855,11,225932,81,79368,44572547,30349949,436,Gangplank Main,DIAMOND
144,236,98502,81,67552,64,66176,34734000,21369243,379,kidD trunks,PLATINUM
145,81,390905,202,259772,236,251220,42902767,28810882,356,MasterDaniel,DIAMOND
146,154,78404,107,70065,113,66672,204487111,41681360,397,SupaIsntAPenguin,DIAMOND
147,56,42801,44,40976,80,32239,33559149,20543876,158,Discsinthesky,DIAMOND
148,92,92351,67,50947,96,41806,237123847,83940705,195,lShad0wl,DIAMOND
149,92,355093,429,86377,114,86152,204581567,41705902,456,iQT,DIAMOND
150,98,402872,267,72024,412,56414,214228552,51500987,378,Kinkou Shikari,SILVER
151,236,91980,99,78262,25,73615,42952341,29594129,429,EL DRAGON SENSEI,SILVER
152,35,255820,157,117266,236,101540,228780127,67779179,359,Tr24,GOLD
153,157,131004,236,54647,245,50698,229352968,68722855,146,BBlackCoffee,SILVER
154,85,78369,25,70187,34,68780,221986761,60769709,359,Bo Sua 7 Mau,SILVER
155,131,246606,157,200363,5,144583,222906839,61160471,326,thenewbie98,GOLD
156,60,161224,154,138441,51,129556,230989459,71780368,355,Toshiro Uzumaki,SILVER
157,236,256324,114,186209,67,155730,227506700,65641210,380,Setton,SILVER
158,67,184446,5,115525,24,79508,32284031,19590146,254,BlackDragoonKiD,SILVER
159,22,165490,21,137173,89,112215,43515875,29227312,197,RX4967ghoust,GOLD
160,120,124223,64,92175,107,89615,202063003,39259104,433,HolyBojangles,PLATINUM
161,412,496571,25,138163,67,114511,40727681,26064277,338,Green Phantom,DIAMOND
162,51,362682,67,182741,22,86592,34271014,21039987,122,Cait Is My Mate,PLATINUM
163,8,62212,99,26220,21,23524,32988055,20144329,62,jeddaaa,PLATINUM
164,61,104901,102,92991,113,57440,217993983,55977728,386,Foreign,PLATINUM
165,115,148258,122,106669,45,102809,43604817,29451713,214,Genocc,PLATINUM
166,51,249191,236,201892,119,116896,46152128,31611419,293,Sarko 5,DIAMOND
167,67,300543,64,68100,236,65347,38529313,24241886,175,Crownn of Thorns,GOLD
168,19,144230,33,38291,134,31016,237165215,83751739,180,NA Pizza,DIAMOND
169,92,305686,64,176562,157,101025,45081964,30683567,420,Oh Oh Ah Ah,DIAMOND
170,4,83159,268,53307,105,44380,35640234,28332396,329,ToadySim,SILVER
171,67,176437,105,79046,222,72825,233404864,76400829,164,JoshisakingHD,BRONZE
172,37,129325,202,105806,45,64085,229688800,69341945,233,Mr Géntleman,SILVER
173,107,500045,29,299603,222,229888,231194318,72061089,164,avatar azar,SILVER
174,76,40887,11,35372,421,34462,217702579,55860670,314,NA cure,SILVER
175,1,62344,89,61235,99,60889,213083549,50512843,230,erional,BRONZE
176,222,901669,202,178828,53,121483,229553970,68993787,126,Drop The Lantern,SILVER
177,412,232279,157,169987,37,99291,236197047,82701390,327,GinDThang,BRONZE
178,64,127882,92,93646,157,80358,235323941,80949995,274,Bánh Xu Xê,GOLD
179,115,45672,245,39439,63,37791,34088816,20912216,358,PHoN3Y,SILVER
180,150,368684,63,210516,24,186487,220062139,58961009,326,NA Red,SILVER
181,44,114313,267,106064,89,80899,213647388,50923551,171,Smoke Mor Weed,SILVER
182,29,124284,64,69683,67,69432,237927717,86189942,193,YourBoyBrown,GOLD
183,21,195963,24,16826,5,16416,47968057,33469079,39,jeronimojones,SILVER
184,64,197867,23,145700,238,97029,211646662,51669561,336,Best Student CAN,SILVER
185,56,428377,18,141873,113,95093,45902081,31520414,252,Celebhel,GOLD
186,236,256662,67,152406,18,85403,200800393,37735088,243,Be Like Bullet,GOLD
187,222,70472,17,68444,67,48704,201253190,38702789,230,HellloAgain,SILVER
188,5,206490,54,184096,106,74063,209747488,46851470,194,Aidenzou,SILVER
189,32,210914,161,169990,110,115726,229387491,68879461,244,ArcismrtkaCZ,SILVER
190,245,26983,12,25886,157,24684,202001977,43019272,236,Scouter128,SILVER
191,11,76897,56,42279,121,30407,34154183,20959216,241,ChaoticCorgi,SILVER
192,77,8069,18,3013,45,2796,36644346,22746936,16,BenGozzy,SILVER
193,8,150271,81,79078,96,67204,220141950,59239099,294,VegeTableB 0v0,GOLD
194,238,27302,498,21845,157,16720,205584990,46178477,185,The New Ninjas,SILVER
195,134,92488,99,82192,43,56218,37570673,23475567,250,Daddyyy,GOLD
196,267,37196,16,33011,117,21923,211976268,49034368,268,Cynimin,GOLD
197,29,61328,24,35656,55,25673,238446782,87719776,120,Soar Samuel,GOLD
198,238,61692,64,60954,245,41366,212148041,49341615,347,Rin Takeru,GOLD
199,64,191723,412,187995,157,117574,220488617,59489381,359,MOUHAHALOL123,GOLD
200,67,89425,157,47137,18,46972,201379625,38317517,383,GoodLickinKFC,SILVER
201,86,119763,25,101469,80,89144,220928839,59774217,263,TehSmurflet,SILVER
202,25,195654,43,153800,89,127007,232117182,73491116,225,Ushjxd,SILVER
203,112,95428,122,60288,236,59825,233614887,76641530,260,Mix30,SILVER
204,412,55725,91,46338,89,36629,38337630,24090157,82,RokiOki,BRONZE
205,59,89089,222,79687,5,65916,46820111,32047055,183,dkrdkr,SILVER
206,103,90251,98,73185,245,65150,229513599,69042666,205,mshen2000,SILVER
207,40,491335,17,255403,432,205291,289343,262508,375,Herding Cats,SILVER
208,53,79976,62,46628,157,37258,231552224,72702437,160,Darkoh POD,SILVER
209,133,147402,58,120298,91,114701,231431796,72829649,261,TheAngryPirateX2,BRONZE
210,67,132430,64,127267,157,114816,207881346,45062259,373,FlareXG,PLATINUM
211,112,601397,102,404191,131,301534,40298952,25823513,398,IIlIIIIlIIlIIlII,GOLD
212,64,392921,157,322614,222,255672,221558291,60273435,490,Cletoman,PLATINUM
213,90,813056,13,193380,57,190951,237158487,83731621,156,UncleFatlip,SILVER
214,23,375862,120,223064,54,180642,230426089,70379354,334,mage23514,PLATINUM
215,157,188421,84,169339,67,158319,206509579,43736303,376,Dêlusional ,PLATINUM
216,64,219560,114,120807,92,107806,235922926,81594701,227,iPlaymaker KR,PLATINUM
217,236,122827,202,79550,18,78579,35498533,21957718,122,Kakateo,PLATINUM
218,89,39170,16,33576,33,30579,43632728,29472502,39,Maybeifyouhelpme,GOLD
219,131,59212,238,38568,51,36105,207268884,44473322,129,DC24,PLATINUM
220,98,25809,67,24255,31,13716,204834759,41944322,51,Ryuzaaki,SILVER
221,98,382944,412,108377,119,90656,210177230,47489876,308,What The Spenny,BRONZE
222,79,138173,13,53125,81,49592,201655961,38813643,175,ChillyGlitch,SILVER
223,24,135920,39,119193,222,98371,210272075,47462274,265,puraxnoe,GOLD
224,37,51039,81,41334,51,40259,32536578,19808102,229,Ecose,SILVER
225,67,17107,64,8708,59,8224,37387245,26473462,38,4NEONFIRE,BRONZE
226,35,20758,19,20367,36,16302,36374999,22539038,114,Jester1337,SILVER
227,12,118023,157,58955,254,45149,48378924,34043476,284,watruw8ing4,SILVER
228,42,175168,18,77402,81,56332,225668087,62079969,154,silvermannsp,SILVER
229,35,212456,78,124872,25,115717,219295873,57740955,415,ObeseTabbyCat,SILVER
230,81,330478,157,157849,67,126427,232387422,74149533,329,TempusER 1998,GOLD
231,222,180691,236,158841,64,121770,212465159,49789843,425,the legend 32,GOLD
232,64,121581,92,112468,157,78108,204987770,42066657,437,IchBinEinFeeder,GOLD
233,34,133255,99,70274,63,65537,208813335,45735968,378,BIG sinister69,SILVER
234,29,121413,35,109007,1,71928,201296082,38333705,354,Sinister Bait,GOLD
235,31,120974,25,103427,19,85307,40305416,87080424,135,xolente,GOLD
236,222,137704,81,79195,29,72174,208005301,45176655,252,dondarr,GOLD
237,81,70349,80,45505,5,36308,40244514,25759304,239,LeftSmiling,GOLD
238,157,695546,134,97456,107,85015,217424365,55522480,238,Deadly Orange,PLATINUM
239,103,122503,16,118452,117,110260,206029705,69099198,251,IKouhai,GOLD
240,29,236830,25,223416,53,187390,211842669,49009078,346,FalconMunch,GOLD
241,81,111240,29,81711,104,80783,210070657,47359720,487,Juneblade,GOLD
242,157,1425149,238,196482,122,120839,220131222,58933571,400,Come Float,GOLD
243,103,662866,64,148063,412,92674,200173657,37107624,338,FoodStampGod,PLATINUM
244,157,109171,202,92831,80,74261,202374557,40623472,501,Zfiggy,PLATINUM
245,64,153320,4,64069,51,60451,211079036,48222215,205,Disisyeté Anyos,PLATINUM
246,122,202213,412,156496,68,123919,47198326,32392630,535,daddyTouchesMe,PLATINUM
247,76,176087,63,86680,105,46441,209703490,47148328,158,KirkyKahZ,GOLD
248,119,306253,98,108593,99,101343,210760103,47687629,295,Carry TheMiracle,GOLD
249,67,274614,60,183323,53,129726,234404392,78563266,261,Ember Celica,PLATINUM
250,99,196353,22,193543,106,177029,213556381,50910531,203,infierno2013,SILVER
251,99,213802,268,116520,103,103632,231730349,72922733,202,TheProdigy0987,BRONZE
252,10,1612032,117,89268,75,36714,220693683,59629731,110,Legend Of,SILVER
253,223,33732,76,33024,102,32933,48918170,34541439,204,budmans32,SILVER
254,19,451382,45,271672,44,124014,45930142,31472612,188,XtraSpatial,SILVER
255,157,59833,126,46215,45,43892,232446015,75102299,198,Drake132,BRONZE
256,69,206969,420,102686,40,70863,230898670,71502157,377,ATHURUS,SILVER
257,201,245975,89,201250,86,130960,213951717,51024054,91,FatalXLR,BRONZE
258,254,57535,102,26902,19,24462,209299750,46359136,151,BattleGuru,SILVER
259,77,67387,58,58436,82,56931,214495932,51729705,325,WayTooFly,SILVER
260,112,124425,236,118943,7,106325,226929233,64802561,229,mrfilmmkr,GOLD
261,67,142964,41,99294,157,70649,227899583,66251615,397,Shmangplank,SILVER
262,161,131350,53,102370,412,95286,213498872,50598667,316,On3R3m3dy,SILVER
263,50,135754,74,104199,83,102001,236246815,82672239,359,DioRu,SILVER
264,2,109173,61,54394,64,50749,210403872,47475697,311,Flaino,SILVER
265,157,437234,238,195040,119,124673,46061138,31437630,335,Ha55man,SILVER
266,21,229412,67,193020,202,185307,226799473,64869508,494,Hm01 As Hell,SILVER
267,157,118298,53,55609,99,51700,232411842,74350112,306,skalmannae,SILVER
268,102,62409,427,19994,92,7487,209786009,47169976,27,Tetrahfy,SILVER
269,4,109370,103,59847,126,43782,33899679,20784394,203,NathanExclusive,SILVER
270,157,30638,85,21959,115,19050,34925793,21509081,258,PGP,GOLD
271,23,7644,86,2435,13,2373,201491088,38572403,19,DuMaKebin,SILVER
272,119,139369,236,53866,58,53435,203490358,40572223,254,Zombie slayer968,GOLD
273,81,68747,51,62974,236,55492,211226320,48247261,247,leCero,GOLD
274,55,153944,134,30850,161,18561,236931171,83499637,79,Toxic Aerosol,GOLD
275,17,85606,245,78988,103,74829,223455755,63889303,356,Spyeria,GOLD
276,432,69592,90,20968,12,11820,232969555,75689220,51,Feelz Bard Man,SILVER
277,81,122618,236,121212,429,84609,216803851,54431912,273,G0r3h0und,GOLD
278,105,122637,412,74874,236,63828,203168210,40299550,375,Nostalgiac,GOLD
279,67,177009,236,72817,412,32384,50509463,35900721,187,Farewell Turtle,PLATINUM
280,412,36389,222,26967,53,20986,210470105,47567919,150,KiMoJi S,GOLD
281,412,59280,432,45643,245,41403,206232498,43516780,347,Decorative Noose,GOLD
282,107,149861,121,149717,92,53123,43528055,29198354,295,Veltaz,GOLD
283,236,58811,245,58739,81,56486,35436644,21874816,480,Gangaruno,GOLD
284,267,60874,201,53792,40,51944,209742885,46811306,352,Nilaga,SILVER
285,26,46759,51,9741,498,6578,203198155,40330581,64,Zyas,SILVER
286,11,19565,498,18949,157,16516,214287407,51532804,55,LyraOrpheus,SILVER
287,56,127529,32,120463,80,106407,33126652,20242017,246,The Wa1ker,GOLD
288,80,104326,31,48784,59,40623,34218034,21002421,137,Jabagenia,GOLD
289,55,69111,63,41564,222,39637,48127940,33341282,354,Marcus Brine,GOLD
290,81,117022,37,80640,99,73954,233419846,76521216,123,Nixiero,BRONZE
291,75,870428,27,469452,50,277571,42546818,28369719,200,Cosmic DNA,SILVER
292,245,145633,81,111082,86,107085,233757162,77020708,112,TuChileMexicano,BRONZE
293,67,160248,51,87038,23,68479,33341711,20429752,300,Nagualo,BRONZE
294,13,183668,11,96094,37,81315,226758230,64580266,188,Auquas,SILVER
295,236,90749,51,65582,7,49993,212359398,49298970,147,Havoc1001,SILVER
296,157,280230,122,135405,238,133995,228288403,66642186,339,FuzzInYoFace,SILVER
297,202,290791,22,241380,222,156507,49341167,34862851,238,Admiral Hampton,BRONZE
298,5,300856,19,135229,412,8249,37664812,23549759,37,Erecta,SILVER
299,127,405540,163,259403,112,166626,215075309,52261269,318,aboynamedRufio,SILVER
300,429,71435,51,64792,81,59058,42565383,28420576,382,CaribouCarp,GOLD
301,98,496617,412,264965,432,142460,231294223,72379754,340,datgnargnar,SILVER
302,134,242436,103,120667,202,96375,206173209,43554501,140,StealthyBeaver,GOLD
303,63,162794,81,70668,163,69600,43613249,29341630,330,Jibop Jopip,GOLD
304,81,120792,17,117967,64,107546,233824822,77132607,248,jason61,PLATINUM
305,27,100834,122,80479,19,76791,39800471,25234094,331,I Cant Piss,PLATINUM
306,7,79776,55,76114,81,62998,35148693,40082961,246,degmont,GOLD
307,7,122147,51,106497,112,62418,214095777,50988208,132,Raymond 0104,PLATINUM
308,429,46974,101,2668,51,2616,213855213,51040788,26,Epilepsy,GOLD
309,11,132257,107,69806,121,43480,228074706,66541473,192,IDontGankMid,GOLD
310,84,381937,55,172871,131,85172,223244376,84711013,137,cchanner,BRONZE
311,106,289006,51,142396,62,113524,208355028,45551100,67,Armonoid,BRONZE
312,19,288959,78,268599,266,224411,233638618,76822118,88,TheMcFallen,SILVER
313,102,24379,96,22040,86,15800,231121951,71959495,123,nsully1028,BRONZE
314,157,62971,222,60103,122,42154,229185440,68529488,364,sscottio97,BRONZE
315,44,169045,111,94457,99,58413,208683698,45722614,276,BillyBlades,SILVER
316,21,165083,11,104930,5,43023,230565969,70423371,172,jerk124,BRONZE
317,11,210690,63,104314,22,61392,47350560,37869182,120,AC3e,BRONZE
318,498,33621,157,28904,99,27519,227478544,65570394,135,DMNDSnipez,BRONZE
319,245,55201,157,52057,122,40363,49485977,35110260,221,iSoNexus,BRONZE
320,412,85600,96,85463,222,82337,217372098,55512284,388,THRËŠH BÖT,SILVER
321,238,121478,236,101938,51,71919,215054079,52290393,394,TheBlackHamm3r,SILVER
322,23,295680,36,158984,37,47911,213536403,50920153,279,EmeraldRang3r,SILVER
323,11,100648,17,80559,133,35557,236750250,83329884,106,ANHNT2407KR,BRONZE
324,25,251696,202,73418,240,60858,228894435,68080000,244,Tazer994,BRONZE
325,412,133682,53,104051,24,82081,223989431,64079925,126,WatskyKills,SILVER
326,67,61824,64,58643,157,45790,50495925,35949397,229,Sexy PartyPooper,BRONZE
327,105,344652,238,232763,11,205336,231425304,72819368,410,hackdown21,GOLD
328,55,359612,63,174079,157,174004,216300922,53640208,359,Kat Chow,GOLD
329,83,213718,86,148965,90,140276,210648098,47694031,367,Mikasa104th,SILVER
330,143,317339,51,29928,57,25796,38829223,24473150,210,martinilittleboy,SILVER
331,92,110284,67,110278,99,80090,213568106,50920935,262,ohxay,GOLD
332,75,310521,107,297056,89,141184,40751556,26055760,242,Broadbeard,GOLD
333,112,46751,90,19396,48,17643,201162855,38161280,77,Scoop Miester,GOLD
334,81,198041,35,136263,11,128337,33681132,20630330,238,Areschris,GOLD
335,236,179874,67,143665,81,122683,51294954,36844762,276,Protero,PLATINUM
336,40,680350,16,250720,267,70148,50169862,35572755,55,MAMAMOO Moonbyul,GOLD
337,412,106047,201,56573,25,47157,230713760,71271381,309,Slôth,GOLD
338,86,164172,134,130913,59,109653,218735028,56805637,449,JumpingJeremy,PLATINUM
339,99,343218,161,72235,18,70736,49048980,34647149,155,DoctorDong4,GOLD
340,48,120900,412,102331,77,102238,32590942,19849238,380,archona,PLATINUM
341,64,148044,79,54106,59,53029,35159036,21673461,369,Mirana,DIAMOND
342,24,102545,27,95326,64,63699,32744139,19965444,450,Plazbo,PLATINUM
343,412,109487,55,79533,236,68403,233374044,76289945,264,Azurelyt,PLATINUM
344,4,99460,25,83919,103,71780,228988770,68231951,446,GbergStacks,DIAMOND
345,64,211763,268,141642,412,127703,218977147,57322216,450,Mrlawlman1,DIAMOND
346,154,131872,64,115634,58,111183,226607383,64229213,344,StompKnee,DIAMOND
347,202,305321,51,147681,498,130428,39458763,24967279,310,Fork in Outlet,DIAMOND
348,236,215465,432,84493,202,75687,47553560,32780122,334,Gà Nuông,PLATINUM
349,28,418417,67,186165,113,98853,44691152,30475425,195,BSL,PLATINUM
350,55,91331,222,44563,11,42616,230586534,70373148,183,F1AM1NGF1RE754,SILVER
351,37,42978,18,31648,412,31013,235184795,80891070,172,Soy tu papá,SILVER
352,498,31418,18,28765,429,15021,38203999,23978143,81,PermaFriedRice,SILVER
353,37,125108,120,84100,32,71008,48821441,34412005,240,Gonchung,SILVER
354,86,40632,51,36675,18,36524,235163394,80880176,212,Fluffy Henry,SILVER
355,51,108259,22,70303,236,53336,45404535,35503174,221,Freak the Mighty,SILVER
356,11,118239,420,113923,23,43128,236754372,83099891,21,iZyzzzz,SILVER
357,44,91459,53,84812,54,50966,227708313,65861798,383,Nanochan123,SILVER
358,5,140729,54,126488,17,122720,37409171,23346753,320,badazz8,GOLD
359,89,65648,90,55235,17,34454,37406189,23344697,189,tonyftw805,SILVER
360,84,326265,99,52184,131,47674,242231,215394,230,Grim R3aper,PLATINUM
361,1,252368,67,139704,105,75784,211109335,48204755,352,Darkplaguemaster,PLATINUM
362,92,935331,164,48297,64,38571,211387694,48384232,197,Queen Elizabìtch,PLATINUM
363,40,404723,37,206891,497,119528,216637373,53917388,110,halfsleeper,DIAMOND
364,119,177601,157,109438,141,103893,202890001,39902589,334,BatMatt,PLATINUM
365,1,108748,25,103795,68,83339,219041555,57393985,365,AatroxThe Darkin,PLATINUM
366,105,217698,90,70000,1,51225,207886058,45012757,245,Im Fizz,PLATINUM
367,92,149659,82,140380,64,119931,229468259,68951553,473,lR E N G A lR ,PLATINUM
368,76,128974,131,102603,421,85521,46179884,31602885,504,Smitherzz,DIAMOND
369,236,142619,245,77516,67,58778,205340412,42827065,201,1207,PLATINUM
370,41,341951,4,307822,245,181974,231243039,72142431,245,Adoption Parade,SILVER
371,222,124049,99,79439,67,71976,34860421,21473430,239,ßex,GOLD
372,76,767812,11,1347,16,372,206259770,43548984,10,NIDALEE ADDICT ,SILVER
373,143,349794,106,88218,59,44642,35107522,21641632,242,FreddyMC,SILVER
374,83,56615,35,55731,245,48014,50415151,35695651,132,Hestle,SILVER
375,157,140946,11,48637,238,36370,203074466,88969263,381,Arthamiels,SILVER
376,222,175260,133,168333,25,74393,47007114,32244305,170,EP1CT4CO,SILVER
377,92,45786,67,33181,24,30716,46063054,31417786,167,MLoE,SILVER
378,141,52711,11,42716,82,36400,210396195,47575265,218,Ap3xDisciple,SILVER
379,21,96051,90,40797,1,40126,42981773,28785729,200,Strife328,SILVER
380,86,40660,56,27421,90,23397,237753753,85539084,118,MansurUmut,SILVER
381,63,118447,432,115941,40,111215,206978484,44183401,484,RunRiverNorth,SILVER
382,157,172618,106,110590,92,104983,231343354,72490942,370,breezy2005,SILVER
383,157,118414,67,81410,64,65584,207781097,44968236,314,matthew656,SILVER
384,32,96258,81,81015,64,68872,219730600,60139119,291,ChampVegetarian,SILVER
385,497,37581,86,36888,122,24833,227112593,65006969,129,Dirty Animal ,BRONZE
386,102,475573,222,268073,89,171681,32614012,19867548,201,NaLmunati,SILVER
387,86,139928,133,89124,53,87950,227712487,65891514,481,LIFEDIE101,SILVER
388,157,99182,238,69052,45,55517,223313724,61542648,231,stephanson7265,SILVER
389,119,56645,238,45419,107,42923,215031328,52310255,243,Ebuks,SILVER
390,21,36368,254,21860,58,21098,236164233,82690418,151,Arlyg209,SILVER
391,40,54847,106,41414,122,39519,33069917,20201313,223,gonzo1833,SILVER
392,55,105614,53,93875,429,76128,227604285,65493658,183,Cranomor,SILVER
393,92,126560,157,64604,222,49093,215986607,53281318,170,ChasosKing74120,SILVER
394,89,68921,90,45243,37,40406,39155126,24735723,235,x HerbZ,SILVER
395,157,317875,222,200563,236,158564,228965147,68041705,450,DONUTSKA,SILVER
396,29,63437,51,59047,119,44746,38811595,24458418,200,1 Ðraco,SILVER
397,11,31413,114,30710,75,21305,217708359,55959727,53,Tutsu,BRONZE
398,19,95278,141,86454,102,69340,219627462,58364853,272,Inori1,BRONZE
399,58,345386,86,305278,25,150962,211028691,48120720,145,Seikiki,SILVER
400,92,442988,64,154538,157,104893,46172494,31532477,384,2 Riven S,GOLD
401,5,53232,102,52687,245,52620,34170617,20968941,319,Reverent X Ruler,GOLD
402,420,50340,240,35372,2,28993,39692077,25162788,216,Judge Arcadia,SILVER
403,5,174086,36,170905,75,126013,33183864,20285025,259,Coorta117,GOLD
404,63,42811,34,35170,35,34828,202844194,39950626,158,Skip2MyLoo11,SILVER
405,267,79633,154,45265,63,42059,238156268,86982317,173,xxRandomDude,SILVER
406,222,274399,37,34874,157,24198,235350769,81040467,77,Lggychenyihan,SILVER
407,55,103957,51,97317,99,82605,210895466,47882180,252,Six God carry,SILVER
408,236,47329,104,24497,96,22563,216973901,54782846,186,Vegabond12,SILVER
409,254,101100,32,99472,110,72351,216949630,54820337,289,Crux321,GOLD
410,223,195716,432,127442,44,76350,42822094,28522194,313,Sir Gankselot,PLATINUM
411,112,104036,51,41381,7,33061,32177295,19483411,87,Jóked,PLATINUM
412,245,137905,61,97230,81,95563,33603603,20585070,347,TheBosnianMenace,DIAMOND
413,12,135448,37,120276,3,85662,47126544,32459490,95,Arbedardar,PLATINUM
414,86,144976,36,81841,45,43745,33763181,20687468,204,guyman609,PLATINUM
415,32,116099,19,61257,18,43078,38874179,24511268,69,Raclex,PLATINUM
416,236,94840,104,42173,15,11683,228438954,76692061,54,RipOldGraves,GOLD
417,11,335621,81,267012,111,237609,214866785,51851678,219,NoMercy27 Dd,GOLD
418,412,265568,201,176710,40,93716,210267590,47571320,150,Althea Moontide,PLATINUM
419,7,65159,268,33664,41,27607,38809911,24456834,155,Kennylau96,GOLD
420,1,251887,80,89451,103,87194,33798135,20713683,315,Figmo,PLATINUM
421,110,126637,40,102050,201,90091,38796258,24447104,171,Codeski,PLATINUM
422,41,174146,122,169329,157,154734,219653698,58484790,327,AnimatedElk90,GOLD
423,58,111220,202,57506,11,44477,233450689,76432389,302,Cønnor,SILVER
424,267,201199,201,135981,37,84771,232706969,74821774,277,Duckaroni,GOLD
425,254,90776,98,71873,104,59877,35764755,80899194,224,teammatesarebad,GOLD
426,61,98245,1,59566,10,40038,35259719,21748243,66,DrAdam,GOLD
427,33,117844,201,112000,58,97167,41961054,27400922,474,Cilcen,GOLD
428,202,95273,18,53119,157,51050,200865580,38039838,386,HMS Reformed,SILVER
429,202,115247,412,99005,40,98051,213802786,50848248,487,Testaryker,GOLD
430,157,225346,238,148304,92,102487,214238654,51381225,374,Collision 22,GOLD
431,67,285415,64,102613,104,95143,226671683,64600737,342,Extra Special,GOLD
432,114,33271,202,30765,420,26183,32959066,20123029,338,BrainMantis,GOLD
433,99,166092,134,82996,103,79229,201843227,39069997,348,The Fire Ferret,DIAMOND
434,62,181761,222,78464,17,68171,50868540,36465152,301,Marshmellõ,GOLD
435,37,726386,99,313102,21,300217,221913726,60639997,206,Super 5 cjy,PLATINUM
436,103,1330185,67,126027,150,112694,215085088,52381484,211,Ąhrî,PLATINUM
437,40,359665,16,113380,90,52152,32562967,19827867,179,Yokomi,PLATINUM
438,236,147626,67,117155,498,107365,50177300,35523272,251,Cøbrå,PLATINUM
439,99,83006,131,78085,18,58772,234383482,78702582,109,FriteSauceMozz,PLATINUM
440,64,156798,81,123513,25,106487,33908991,20793044,307,FootmenFrenzy,GOLD
441,161,143335,432,142486,412,112034,200646627,37802692,411,goldencrisp,SILVER
442,25,91791,16,67317,157,64773,207784207,44948932,513,oSinatra,SILVER
443,157,232274,238,171730,119,156360,231976012,73008984,254,Yasugio,GOLD
444,67,136082,18,119986,81,101430,213063185,50412121,432,decsat,GOLD
445,92,173704,202,154266,157,92766,209811145,73629809,346,HaŠŠan2Fast142,GOLD
446,37,579730,103,176968,40,131851,229536444,68833246,99,Catimsy,GOLD
447,92,92894,7,17010,105,6941,227138569,67961256,41,VernaParadox,GOLD
448,236,98173,29,72312,222,60977,210405301,47645575,345,GoogleV2,SILVER
449,133,411934,37,260805,51,100198,42936110,28774838,269,StrikeAlpha,SILVER
450,21,740142,25,392599,51,271831,203202705,40917395,225,RyanMeek,GOLD
451,202,4321,77,1556,99,1243,34002602,20855058,11,2016 Rox TGO,NA
452,202,237933,24,235314,21,226335,218551522,56839676,225,Bobbz,SILVER
453,22,43810,120,43212,18,32977,234958160,80500745,97,Bobbz Jr,GOLD
454,245,125319,64,112266,104,109810,235826895,81672863,283,Koskha,SILVER
455,11,64193,24,60206,17,52913,40747181,26175392,160,brianpissinu,GOLD
456,64,186010,236,146916,412,67856,213533223,50889842,342,Haze for Dayz,SILVER
457,238,106790,55,80567,90,64598,48654297,34194584,398,I Adz I,SILVER
458,19,70055,37,29582,86,20260,232567291,74572767,150,VaudeVV,BRONZE
459,35,645456,80,174237,72,151692,206756872,44105153,404,Support in a Box,SILVER
460,17,200859,11,129937,5,87707,232986305,75809613,356,Dragon00Slayer32,SILVER
461,92,355940,106,77761,60,77109,230708073,71081179,272,StrangeFantasies,SILVER
462,67,191695,99,90348,236,56243,207030491,44410843,124,YungForever,SILVER
463,412,69984,498,55831,119,42587,234798296,79680105,159,Watchin Hentai,SILVER
464,412,180421,222,107112,99,94559,203856824,40870038,392,A SCARY N0ISE,SILVER
465,53,63039,412,49409,106,39717,211494872,48448289,91,Show Stopper 59,BRONZE
466,412,348010,157,290008,131,245427,204051985,40847939,244,ayeyoocriss,GOLD
467,104,475679,55,292162,254,118702,231536104,72651983,252,Seeker99,SILVER
468,105,95011,150,62031,5,49030,202453182,81539198,312,JhaNz,SILVER
469,126,243307,98,103841,24,47685,200347345,37375501,336,Jayce In Case,SILVER
470,79,84777,61,58138,30,57843,35283339,21772423,275,BlueInferno,GOLD
471,84,108188,17,88568,51,79486,37543300,23454235,309,phs,GOLD
472,18,48631,412,27996,75,25104,239331830,88081246,128,BestGreenTeaJp,GOLD
473,53,108444,5,72336,157,64560,213904115,51081664,239,LegendofTochigi,GOLD
474,17,199863,1,34881,45,24018,38764780,24419443,74,Zero DSK,GOLD
475,27,167113,102,47279,427,44326,45316393,30977237,307,Alsoned,GOLD
476,38,226277,64,102626,429,70378,37934686,23765295,191,StakeMe2147M,GOLD
477,92,163591,67,136999,238,127845,211510857,48408412,324,bblala,GOLD
478,2,235872,23,131212,111,54468,211160773,48245065,141,blackjesus129,GOLD
479,14,260744,201,125498,111,109066,206967876,44223274,319,nookiepooh12,GOLD
480,67,255199,45,81771,7,26283,236470280,82823369,91,Ryangela4019,BRONZE
481,38,42525,56,35953,55,5760,36890587,22940852,21,xTYZx,BRONZE
482,98,175030,107,118098,29,104491,227542597,65542164,228,JustSavalas,BRONZE
483,26,224702,432,168768,29,43076,210611341,50882994,52,Eastboy12,BRONZE
484,102,52993,267,35712,17,31694,218827076,56798944,203,silverbain1,BRONZE
485,238,48573,91,44873,115,29749,239015839,87882384,145,heheXD11111,BRONZE
486,1,219858,17,109771,99,85065,211564677,48640463,104,Number1Hero,BRONZE
487,202,224626,24,95646,17,89524,226285925,63652184,143,Arashi Rogue,BRONZE
488,157,267456,238,30751,113,18759,215704196,53030935,84,BearKingSama,BRONZE
489,9,228534,48,214584,420,196258,34615175,21299936,147,Bloodstone67,BRONZE
490,412,90142,53,73305,63,72276,236738178,83309632,145,FuukieBookie,SILVER
491,154,267540,7,217018,43,139576,217475240,55444696,207,VeLLa GaTeS,SILVER
492,17,236672,44,144972,86,133697,230972718,71819858,448,Logan Fang,SILVER
493,245,120467,157,77233,64,51191,41992871,27461241,416,Menorah,SILVER
494,11,307628,37,139001,75,130300,201014203,37964687,158,freejakep,SILVER
495,51,447266,412,316439,222,180653,34600263,21278980,243,SHOisBro,SILVER
496,238,153730,122,143061,41,126307,211571279,48700370,534,ThiccJezuz,GOLD
497,236,59491,99,50729,41,42392,47431618,32494747,370,MoTiioN14,SILVER
498,17,97217,23,88266,45,83371,234270200,78520089,236,Mutebias,BRONZE
499,81,212078,99,118885,53,62800,50907966,36476823,261,raulitoo,GOLD
500,61,58210,64,42499,67,37202,45744241,31185226,308,Ezzy,SILVER
501,157,106577,67,65095,81,58653,215464476,52721551,399,Behouilechat,SILVER
502,22,374717,222,198980,203,146161,216792539,54371653,197,ArtIsMySin13,SILVER
503,141,45358,119,40434,112,18388,213278960,50662096,46,Kaÿncer,SILVER
504,143,182763,21,95545,267,82453,227107561,64846896,254,OliveTreee,SILVER
505,67,166804,222,75911,81,67809,203927857,40893100,318,xavlap,SILVER
506,412,39465,35,10897,55,9703,211714383,48714904,77,BrandonSchletz,SILVER
507,81,107944,99,83229,22,70957,31668979,605304,220,Rainburst,GOLD
508,86,47962,23,37533,22,34439,42582623,28441121,177,I am BasedGod,GOLD
509,117,64648,201,44922,99,40801,45678006,31182136,146,Busta Nuggett,GOLD
510,67,151375,119,139416,222,99391,203429378,40439741,326,AlphaOmega57,PLATINUM
511,161,286852,115,78965,99,42852,44550186,30340604,231,Sonny Joon,PLATINUM
512,107,159849,59,137277,28,104530,213167055,50635259,397,Redwølf,GOLD
513,64,93782,51,52549,105,46594,204827418,41994903,307,Thrustin Beaver,GOLD
514,23,92170,1,89712,21,81383,37873636,23715553,451,dargonx the 1st,GOLD
515,22,184377,222,145539,21,135560,286150,259314,313,Zyzyks,GOLD
516,105,439527,157,359001,131,158273,218086150,56299146,300,Yrashsuo,GOLD
517,89,629217,98,451233,412,282326,222583557,60929817,81,Momoyama,PLATINUM
518,141,56685,122,36940,133,33947,232741853,74872518,151,74872518DEL1,PLATINUM
519,84,282514,236,92671,157,63121,202745311,39879497,335,TEEWHYY,GOLD
520,11,236054,157,234536,141,159057,234524575,78861544,222,Aronile2,SILVER
521,157,435473,25,219418,18,177623,208873508,45808128,117,Fat Neck McGee,BRONZE
522,412,245200,26,216815,89,120341,46839272,31958438,162,AlexAdventurer,BRONZE
523,45,263974,122,248258,36,195001,213150015,50524699,253,jagjoe,SILVER
524,245,108144,21,77212,122,63073,213898812,51061525,456,ProjectKalista,SILVER
525,222,927103,22,103035,202,101900,231479061,72620700,88,FRENCHHOMIE,SILVER
526,5,248598,22,107992,37,52148,237967963,86489210,71,meowman420,SILVER
527,245,179645,102,168276,2,115165,226822720,64819689,71,beastmarc,SILVER
528,432,271053,12,216600,412,135018,34516274,21214650,329,Mega Adhesive,SILVER
529,68,65076,81,63940,102,48963,49488156,34980386,195,SoyThor,SILVER
530,24,114735,126,72694,103,63026,46987604,32293554,293,Khàn,PLATINUM
531,103,252595,67,144690,222,144366,215032110,52349592,312,Nuris,GOLD
532,54,505630,53,361910,22,272253,37621481,23515984,230,Macbook Baby,PLATINUM
533,126,494227,51,77410,9,47858,203748635,40755511,120,0KKwang,GOLD
534,41,126460,75,123230,98,78482,40766545,26136415,126,GGFacePalm,PLATINUM
535,126,254524,157,100163,81,88689,200254634,37261343,314,Steelhardt,PLATINUM
536,99,310999,25,219545,43,163947,220588278,64776662,318,XCryptic,PLATINUM
537,36,142461,64,40813,23,24520,209170216,46104720,106,Zyne,GOLD
538,90,136699,245,122710,236,99924,202576930,39568667,395,NikKilik,PLATINUM
539,202,194577,22,175745,41,134605,232565829,74672826,316,DirtyJoe77,PLATINUM
540,11,65802,77,45987,24,44610,215348223,52680439,280,xXxFrostyTipsxXx,GOLD
541,412,130976,64,117106,35,100303,209838698,46991789,335,oChriis,GOLD
542,245,114708,63,94221,202,82887,48566738,34259940,306,B00TYSWEAT,SILVER
543,67,86769,53,74535,11,46668,217573249,55466645,275,Shisui614,GOLD
544,157,157883,86,83721,122,56988,213168322,51072078,338,UYEYEDEBABA,GOLD
545,32,112759,114,88253,7,73978,230695744,71151046,443,Alexthewarrior13,GOLD
546,412,99320,64,93402,40,86139,204387631,41869607,264,Eminent Regret,GOLD
547,157,296048,64,102762,11,95105,217142974,55005423,310,voka2,GOLD
548,64,197573,60,107265,104,98200,233884501,77189580,276,Lin Ruo Ji,PLATINUM
549,99,324226,131,118431,51,115768,34514561,21214257,245,SsssunYaN,GOLD
550,412,500810,4,330991,92,141002,219751431,58750703,313,gocoolindian,PLATINUM
551,201,213154,85,158297,55,81909,207458173,44604424,435,Vinemask,PLATINUM
552,102,47818,54,44095,24,38582,227319520,65132516,244,Paul Boaz,PLATINUM
553,412,327014,236,162272,64,108666,214270920,51502229,337,ßaÐ,PLATINUM
554,412,125945,432,88471,134,68993,209637257,46702488,316,Wry,PLATINUM
555,222,115154,29,76308,21,48987,45863790,31419159,130,La bête noir,PLATINUM
556,223,538081,114,109295,254,70799,203501550,45087863,224,WagnillaTheHun,GOLD
557,92,243210,58,15105,114,12596,236877033,83302755,87,TESSAlGA,PLATINUM
558,64,164229,157,114929,412,68664,230028646,69980825,436,Danke,GOLD
559,238,256479,245,200651,157,164795,232139782,73581592,280,Rèvan,PLATINUM
560,99,250083,17,166797,203,159886,233610043,76821392,226,DiamondDustt,BRONZE
561,11,111728,202,109328,24,74240,227873866,66171033,248,TamalAzezino,SILVER
562,64,49743,141,31395,203,30732,230855853,71421171,218,frostr10,BRONZE
563,122,632473,24,343653,106,63565,41905240,76790920,123,SeekerFuFu,BRONZE
564,202,222752,17,98724,5,88955,232205595,73753267,215,anand8594,BRONZE
565,92,360579,86,99832,91,33337,237700755,85141376,102,MyNameisG0blin,BRONZE
566,84,472818,5,92273,141,57459,36663266,22761536,173,xxPICKLERICKxx,SILVER
567,89,208875,202,191042,37,132776,228582610,67243944,399,Humble One,BRONZE
568,19,76609,102,74255,55,52214,215055877,77679246,80,kohnfucius,BRONZE
569,29,109333,21,84490,23,68114,231978288,72878797,131,doctorbishhh,BRONZE
570,92,190744,107,155205,77,123607,37208005,23194793,356,YeuHo,DIAMOND
571,27,558848,412,383559,120,192388,227803535,66049467,549,Fisher52,PLATINUM
572,64,336006,79,138004,238,129206,50302813,35730931,289,noobhyong,PLATINUM
573,42,157510,103,152924,412,135492,43552461,29268802,404,sharpter,DIAMOND
574,245,107874,119,92908,11,85165,35563966,28590554,356,BLACK JOHN CENA,PLATINUM
575,25,394831,63,138255,90,111150,37772099,23635252,355,Brentard,DIAMOND
576,55,78207,64,77183,92,70139,46479804,31734938,403,TurtleBox,PLATINUM
577,67,45391,50,44986,81,37645,38626537,24320762,250,WnR Greymon,PLATINUM
578,55,121784,10,100412,112,88692,48527868,34172437,361,Cirone,PLATINUM
579,79,142401,64,85947,268,80212,225734121,62259809,466,Wâffles,PLATINUM
580,64,187994,51,107835,150,88972,46631022,31959636,271,Just oi,PLATINUM
581,35,119788,82,96687,27,79662,34602931,21276269,384,Malixi,PLATINUM
582,63,200882,79,185447,114,158929,202009370,39067128,261,Brizz,PLATINUM
583,238,516425,157,165375,268,114322,203695619,43260461,293,pekingtin,PLATINUM
584,114,1010170,54,110485,40,60226,203397349,40308252,127,Marcelo C,PLATINUM
585,62,340768,24,122619,59,114762,231621150,73139955,344,AD rui,PLATINUM
586,91,322077,90,113671,12,92947,49139421,34672411,256,12BloodyWings,GOLD
587,202,211233,67,159323,81,75832,40435403,25971131,431,GreyVIII,PLATINUM
588,267,275177,51,171202,40,161986,212875569,50276154,433,Rest ln Peaches,PLATINUM
589,62,315658,131,203328,90,75799,206765536,43935874,174,anaìD,PLATINUM
590,7,243272,13,158927,4,117082,234204609,78259310,139,Ignit3,GOLD
591,43,132963,143,111222,114,96129,33497536,20503101,380,cream cheese,PLATINUM
592,41,326010,120,143401,154,141067,230931405,71871858,340,SirSpitfire,GOLD
593,75,63851,1,44015,11,33275,232199542,73733045,88,sexyrobots,SILVER
594,126,127175,18,61264,222,55368,39225468,24799528,241,FateXERO,GOLD
595,103,104859,22,81863,412,78443,39958638,25360844,384,C9 inch3s,GOLD
596,157,96165,412,94275,67,68634,42545360,28379424,374,Lord Vlad1m1R,GOLD
597,55,94264,412,86929,157,85980,218218758,56522858,336,EpicSword4532,SILVER
598,245,107831,7,77487,22,65552,32814254,20019131,237,SupaaFlye,GOLD
599,136,154777,29,85508,202,65611,233493681,76353273,353,Oppka,GOLD
600,64,37728,412,27575,13,19576,229466508,68822514,192,MTpalyDPS,GOLD
601,64,83879,102,30996,20,27988,237289096,84120897,134,Ganked by a Monk,SILVER
602,16,103644,25,30248,99,23658,236949920,83460162,166,Fataeto,GOLD
603,236,147290,51,140093,201,128816,209950696,47005054,298,wrecogniize,SILVER
604,266,427055,39,154731,72,72750,49571423,35093403,240,Gradti,SILVER
605,18,26886,7,21498,99,14810,51232155,36742672,109,Gigantic Wang,GOLD
606,58,56869,18,37522,157,37023,237539707,84810439,117,JacobbTwitch,GOLD
607,37,62510,53,44803,25,39098,231720220,72892514,330,Ultimatehalo97,SILVER
608,105,81577,81,64005,79,52018,39386945,24911391,332,C Woo,GOLD
609,113,46747,37,19730,497,16163,34517510,21215919,187,BLANC0 NIN0,GOLD
610,122,55457,131,53887,157,53827,50097014,35519552,436,CallMeMrHaVoC,GOLD
611,432,99039,157,60380,21,59104,32472439,19762514,315,CallMeMrBlunt,SILVER
612,40,614827,134,411472,117,375805,225749402,62250644,238,Lunasyn,PLATINUM
613,99,166071,21,84318,267,55068,237065953,83989478,165,Jae EI,SILVER
614,16,216519,37,205858,51,177445,229259416,68600593,295,Tzi,PLATINUM
615,32,339461,24,182544,86,169315,233346161,76539520,168,Jaystar14,GOLD
616,112,207749,41,118562,150,99893,219485942,58389601,450,LegendaryCola,GOLD
617,497,128704,16,89688,51,59961,46780813,31995275,305,flamezaber,PLATINUM
618,238,134677,55,129138,412,111478,227478363,65590459,250,ChingMoLai,GOLD
619,222,143695,89,130541,201,77162,47567543,32710763,259,Forbiddensou,GOLD
620,51,148679,86,107614,32,89694,207332807,44659608,73,ballrot,GOLD
621,202,240717,222,160394,432,136187,231737558,72942957,412,KairuNoAkame,SILVER
622,79,89095,150,29195,60,29071,203204575,40320853,245,QuadCola,SILVER
623,236,62612,18,23584,105,20232,218329212,56466880,305,SKT T1 Flame,SILVER
624,67,69981,81,46845,53,29844,42438965,28239097,341,NarDuu,GOLD
625,59,53753,254,23781,238,20669,37339942,37247662,174,Sensei Litoris,SILVER
626,103,90318,50,86287,5,81719,230635803,71019490,145,BronzeGyarados,SILVER
627,67,73842,92,66998,498,17902,239623296,88510205,132,NotASharpTool,SILVER
628,53,218849,25,174162,157,113495,212184101,49212940,259,A Flying ATM,SILVER
629,17,158339,412,149496,268,72574,216593015,53806610,385,SarFireBox,SILVER
630,202,158396,14,89451,154,82993,35825852,22193990,308,Redemption251,SILVER
631,25,23319,59,16161,202,7333,235292420,81039331,69,Fire From the Go,GOLD
632,157,146390,7,144080,62,112495,36749269,22827999,461,Frosted Pubes,PLATINUM
633,420,139856,92,105864,103,92216,264780,237944,543,Uncoated,PLATINUM
634,161,63758,14,39036,86,38759,114022,87181,155,Ronnok,GOLD
635,107,86924,236,77308,64,75260,202504480,39525647,370,thekine,PLATINUM
636,11,147484,5,139532,122,50187,233612369,76681423,159,Pesudo,GOLD
637,131,80452,236,74169,21,55424,39361736,24892489,232,lacoquesrider,GOLD
638,157,265791,238,199441,412,53244,208834728,45727002,211,SpawnOfBerg,GOLD
639,99,56599,420,36380,117,30083,43249051,30944850,117,TheDeafGuy,GOLD
640,17,44928,157,39694,104,31429,41430219,26615877,216,nanajalha3,PLATINUM
641,64,136015,41,70467,60,61048,227347413,65112957,351,HisaShiBuri,PLATINUM
642,432,149631,245,146596,37,113250,221356202,59932560,406,Lady Pentacorn,DIAMOND
643,412,184961,53,115637,64,93472,34419305,21146369,356,disguiser feng,PLATINUM
644,136,385194,222,161781,163,110065,240874,214037,329,Aki Lovely,PLATINUM
645,67,140005,202,128244,236,77705,34963660,32761053,278,Ahegao Jinx,PLATINUM
646,55,80972,61,68927,412,51835,211865045,48969255,169,Novitski,GOLD
647,64,787581,7,329833,157,229452,226306346,63540133,456,Wiggleś,PLATINUM
648,236,139189,67,137476,412,73306,215966179,53340676,262,ButtHurt O Clock,PLATINUM
649,223,144489,412,49042,36,39883,220051663,59070475,132,Gumballs Deep,PLATINUM
650,17,67108,24,63141,236,57199,215919957,53460206,257,SSG Swagbition,SILVER
651,412,112664,202,96805,99,83497,200114578,37124163,439,Zelzah,SILVER
652,83,112618,85,101026,126,86630,229266621,68761306,303,TheDrNurse,SILVER
653,268,71580,45,57914,245,53568,218973961,57292024,441,SlicemAnDicem,GOLD
654,236,118792,18,69073,67,61939,229973050,69829382,209,SSJG Fredo,SILVER
655,157,632088,21,149350,53,110928,206505924,43806149,419,ThraxMontana,SILVER
656,412,278148,53,202153,25,168978,201482747,38591495,364,Im The Cure,SILVER
657,157,94786,238,58888,92,41441,227246014,65170702,362,LDS Landisu,SILVER
658,119,181463,236,72590,67,65704,51378989,36798959,354,GaudyUltra hawk,SILVER
659,113,176726,54,138956,24,108648,49295664,34930788,110,CastleMan95,BRONZE
660,498,28850,154,28103,150,27792,203120631,40141292,208,AcidSpad3,SILVER
661,25,61187,44,45301,31,24184,48412566,34093853,164,HARLEYHAM,BRONZE
662,64,18502,105,13502,23,5120,208265965,45215938,96,johnsonli,BRONZE
663,157,136549,64,91661,67,47401,229678797,69331763,238,Elitekiller30,BRONZE
664,104,91084,27,54741,11,52136,231224211,71961776,366,IMweazzer,BRONZE
665,23,130480,29,123034,222,89065,234189387,77870464,214,MrBaggy,SILVER
666,99,125387,5,53264,102,52090,32912175,20089003,161,Tylamin,SILVER
667,37,243462,429,79932,161,43926,214584181,51752400,403,V3V4L,GOLD
668,238,188609,157,92154,91,41752,209737321,49226670,408,pewdieheu1,BRONZE
669,222,103193,412,34932,11,34517,41549605,26762314,240,A SCARY NOOB,SILVER
670,157,183624,114,90747,236,66205,39549699,25041573,305,icecrazy108,SILVER
671,67,58458,157,45922,238,39552,229964176,69819151,138,punisher99,GOLD
672,25,115257,99,73768,412,73397,35119124,21656980,338,Misianna,PLATINUM
673,64,31691,60,22607,38,18462,34847806,21936723,182,STEVEN LEE HULTS,SILVER
674,90,311335,24,105952,112,93580,226464928,63596124,347,Walking AFI,GOLD
675,105,316474,122,286281,45,114484,214215865,51500419,341,IceBaerg,GOLD
676,8,123551,35,88725,412,67811,47642163,32663629,466,Life NO Death,PLATINUM
677,67,114798,64,80594,7,80298,200032707,37030830,328,Car,GOLD
678,54,189909,154,120763,113,76659,34187817,20981028,356,alnorac,GOLD
679,222,89620,18,77478,37,60549,200144461,37135855,136,ScarletShooter,GOLD
680,61,310864,38,101267,28,96806,217122414,54904939,118,NVWOLVERINE,SILVER
681,222,113631,80,54677,63,52173,32834156,20034333,375,Negro Jones,SILVER
682,154,101323,203,59394,102,51740,230666386,71070221,232,BenJammin2,GOLD
683,58,402475,106,254500,120,47318,223008901,61203392,142,gatordontplay42,GOLD
684,105,131265,412,90913,54,69290,222799414,60995947,479,Xinyao12345,GOLD
685,75,160518,111,149615,157,140898,210454071,47547276,135,Mr SetsunaFSeiei,SILVER
686,24,277475,122,104475,106,73957,226979645,64753729,344,omegadragon123,SILVER
687,81,115486,67,101752,202,55550,36448387,22595862,319,Ub3rN00b9000,GOLD
688,92,110424,41,33608,238,32312,237428415,84581190,271,NotInThereSenpai,GOLD
689,63,54264,115,50250,21,49598,34693358,25094665,253,Core of Malice,SILVER
690,412,121388,67,110838,81,103536,34034171,20873973,433,s4v4ge m0ng0l,DIAMOND
691,222,278168,236,226181,81,210445,32667733,19908753,237,The1uFear,DIAMOND
692,67,180119,64,113660,22,111486,33891124,20783448,308,PuffyCheeks,PLATINUM
693,121,201792,119,181016,202,167457,37165419,23156602,492,LotteryApple,DIAMOND
694,64,126479,58,65937,133,58997,206486358,43925444,201,iToyzz,PLATINUM
695,113,380160,412,172860,102,172097,37664618,23549608,145,Simphoria,DIAMOND
696,238,740132,412,185700,41,158874,204808018,41983453,526,WizardTideTime,PLATINUM
697,157,963480,122,135996,3,71778,25706854,70349622,259,ßlu,PLATINUM
698,412,184808,41,164197,157,161671,38006930,23820834,235,itsOogieBoogie,DIAMOND
699,107,595403,64,230927,238,216277,209909291,47113769,376,hi im rengòd,DIAMOND
700,58,596153,48,102938,516,94215,219881889,58775085,176,True Zero,PLATINUM
701,56,193354,54,138094,62,135078,49901018,35441692,223,Demons Clover,PLATINUM
702,51,441024,22,373694,202,196318,42788131,28630580,447,Wowchangedit,GOLD
703,90,523050,13,323788,245,180911,234465574,78990177,257,Beaford,PLATINUM
704,64,86625,51,70268,157,59442,41894750,27223301,215,LaFlèche,PLATINUM
705,4,812806,98,170930,163,164420,233735476,77142024,254,TengoAutismo,PLATINUM
706,45,235242,59,189719,67,156516,209853050,47021984,310,seanwang99,PLATINUM
707,238,121712,157,69314,64,68937,226847886,64970286,403,big dawg u a pup,GOLD
708,45,854076,122,268912,11,217968,226988521,64903996,196,Saint Kris,PLATINUM
709,67,404813,236,400628,92,288803,207534055,44606917,498,OG Gman,PLATINUM
710,29,128256,245,94997,63,87107,205177569,42712051,193,ShadeofBlaze,SILVER
711,15,52365,67,47387,104,32650,201494514,38621847,363,euaruu,GOLD
712,53,173752,16,95043,267,87179,47483600,32636550,343,P0wer Kid,SILVER
713,1,448673,50,126628,17,106513,219609425,58343384,141,intacte,SILVER
714,81,158273,107,106734,59,53817,226727986,64549694,222,Wolf warriors 2,PLATINUM
715,67,106120,157,93919,238,51448,235351085,81060470,157,Coolest Podcast,GOLD
716,254,58788,203,48591,115,39525,207564320,44799940,80,FrilledFrilly,SILVER
717,24,126911,67,112355,92,57968,41263663,26494519,300,Andrew James,GOLD
718,81,40210,51,25766,4,20367,202247903,39236902,224,Ddwiib,SILVER
719,11,89704,37,87595,86,80216,49158321,34733185,270,pberry,SILVER
720,238,120527,245,75146,55,53294,234914594,79682741,200,kingloi,BRONZE
721,17,363146,10,358342,21,139809,210322812,47455406,150,cliers,BRONZE
722,21,502507,222,166239,104,52525,213096723,50886647,55,Megazoyd,BRONZE
723,15,1682129,25,102387,222,16530,32229273,19535388,43,thunderburd,BRONZE
724,107,55722,2,46524,114,35719,232984784,75769608,215,GriffinSlayer999,BRONZE
725,22,246671,222,125621,51,92133,233680586,76853304,150,killA666yte,BRONZE
726,21,88155,11,84035,29,52048,34340021,21088326,92,MeRockUrSocks,BRONZE
727,133,268372,3,100162,80,99478,31707014,19012362,158,alixiraq,BRONZE
728,74,264272,17,36821,45,12819,40375214,25797772,67,SeoulAce,BRONZE
729,11,96812,157,85929,18,80242,235687997,81699831,92,XxSOMRYxX,BRONZE
730,133,244917,35,35426,19,33691,37594275,23494662,252,njoo,DIAMOND
731,245,103770,64,71465,60,53650,203448157,48246782,362,reformed anu,PLATINUM
732,104,84313,157,76356,105,74611,231198682,72051332,340,Finaull,PLATINUM
733,45,100404,64,58601,67,39140,40068164,25728218,183,CzK Kayros,GOLD
734,412,132742,67,85418,157,61749,50223872,35624767,349,dakine88,PLATINUM
735,77,70223,67,52318,202,47515,33018371,20166282,318,madSexy,GOLD
736,412,234579,432,120819,112,96009,207316904,44699113,243,MMAghosts,PLATINUM
737,67,179766,35,126123,51,104845,48514386,34077838,370,Mr Keefs,PLATINUM
738,105,216842,154,189942,53,124745,215143361,52263559,495,Hey I Am Church,PLATINUM
739,427,122939,41,79894,121,48354,38397987,24178183,313,Corncob Rob,PLATINUM
740,32,362671,120,163372,90,151266,204210789,41811724,218,Courousking,GOLD
741,420,473548,55,215851,25,210675,219002993,57383125,276,Kar17,GOLD
742,236,131026,64,96592,18,64560,220481898,59499382,317,JazzyWingman,SILVER
743,112,266162,412,177212,64,83359,219384038,58210776,327,xXKillshotArmyXx,SILVER
744,41,108908,64,72600,157,44092,48409312,34044275,294,Boog chan,SILVER
745,9,596214,33,222805,50,138462,211897170,48949924,170,coolicchu,GOLD
746,101,262512,103,125095,102,106119,232101761,73520709,213,SoggyCanadian,SILVER
747,58,72162,53,10139,99,10135,48326338,34071338,101,ProhmeiO,SILVER
748,236,103709,161,66807,157,38465,213084010,50412857,365,Eschii,SILVER
749,67,30068,202,29068,83,26337,36638374,22741629,259,Malrick Of Niger,SILVER
750,412,110244,17,68727,238,65858,229515604,68902807,340,Table Butt,BRONZE
751,64,72120,236,63431,38,62441,208044083,45088033,429,Apple iPhone,BRONZE
752,24,68455,110,63687,75,60782,225709664,62111860,449,Hollow Hope,BRONZE
753,17,121057,45,113009,110,96293,210561624,47671182,494,The 5th Horsman,SILVER
754,31,209479,141,114112,59,93878,219679847,58799143,162,yosh00tha00god,SILVER
755,24,99892,35,86883,157,86737,221860387,60592036,439,Comet Ping Pong,BRONZE
756,67,92254,202,89207,157,88963,42812362,28621010,330,PlayboyGC,BRONZE
757,32,230401,19,90612,54,88976,50534861,35872326,244,asunstorm,SILVER
758,16,156270,53,139497,33,61652,39722799,44622158,110,Greentails43,BRONZE
759,17,62972,61,59991,22,34019,39381532,24950506,128,ParkerSnow,BRONZE
760,202,210953,236,116020,81,93834,234307708,78451373,290,pinheadlarry912,SILVER
761,202,130177,429,118955,29,105939,214360030,51377315,252,Marc West,GOLD
762,62,771906,91,68482,238,62307,226127160,62398286,289,XxShad0wAnGelxX,SILVER
763,19,152972,17,90092,63,84503,230851349,71361113,482,hugh ge rection1,SILVER
764,41,209413,107,95525,24,92973,234336448,78601636,374,Asminx1213,GOLD
765,103,210912,21,130139,17,112074,228919340,68849649,399,ShiroKawaiiChibi,SILVER
766,103,456560,21,334387,99,317233,229295777,68531544,336,Plastic Doll,GOLD
767,92,312172,105,119882,64,108213,36530359,29432780,173,shaseim4st3r,GOLD
768,61,23808,10,19808,9,12925,237590198,84871714,142,Holymouth,GOLD
769,131,63237,61,47813,103,46668,213932507,51012646,147,ICanOnlyUseAshe,GOLD
770,33,86482,119,47692,32,35310,235287288,80919258,180,Tyler123hehexd,GOLD
771,412,109817,238,70209,16,59796,36670015,22766571,428,Xerem,SILVER
772,236,67557,18,57406,81,38039,43277082,28999525,301,DeathHammer12345,GOLD
773,89,191552,222,158282,32,132029,213850132,51076710,244,InFANiTy,GOLD
774,412,282671,92,245328,106,201099,217852019,55803879,191,UhManDuh,GOLD
775,59,394108,131,120852,60,87421,205967716,43495797,376,Stev0 gotta gun,PLATINUM
776,25,242478,99,223442,412,92903,49220521,34666170,271,ToxicBear,GOLD
777,21,1808800,22,288152,31,68179,229924770,69522751,128,Pimpkilla11,GOLD
778,83,89759,110,16073,32,10968,37315183,23271846,123,czCastor,GOLD
779,59,215998,80,175356,31,111379,46904107,32169203,347,TrickyJ 23,PLATINUM
780,150,188008,222,105213,157,88824,209406251,46252969,252,WhySoSirius,SILVER
781,53,76269,25,70133,89,68188,41816026,28679775,319,krakentown,SILVER
782,202,162706,245,128497,99,94174,39159862,24933023,375,SCIECNE,GOLD
783,133,144290,5,129867,37,62603,39486235,24988989,143,Wolfgod Invasion,GOLD
784,85,138363,111,15847,498,8508,48957124,34593229,66,FeckinBetch,SILVER
785,432,79499,497,36327,267,36036,383592,356759,160,Angemon,SILVER
786,53,47402,163,31423,497,25858,232189674,88049142,150,N1Victim,SILVER
787,202,158447,222,146918,245,103220,32412538,19718654,283,Kashinji,SILVER
788,75,59564,2,46199,33,35774,233798707,76991888,179,Ragingflare,SILVER
789,126,111276,27,95475,17,75696,230059224,69991237,217,DENNIS527,SILVER
790,157,382221,86,50877,105,43312,229166068,68282324,198,Takeda Shinjen,BRONZE
791,5,33660,91,27679,19,12107,237024620,83532112,126,EliteLegend2,BRONZE
792,113,203342,106,150954,117,124742,35107887,21641765,320,MuskieMystic,BRONZE
793,110,467481,11,142843,126,70032,227122428,64907701,95,The420thEskimoII,BRONZE
794,79,30401,83,26690,32,23301,37593885,23494343,124,Njordr,BRONZE
795,238,104045,157,79237,64,46309,233217322,76200379,331,InfernoBlazeKJ,BRONZE
796,90,193029,420,171969,91,85585,228093084,66561853,145,Iam3Times7,BRONZE
797,432,267520,1,138395,201,134689,230540978,70422060,175,Gawktopus,BRONZE
798,53,59026,115,56218,45,46816,233629830,76671849,427,xBlackGesuSx,BRONZE
799,75,199913,111,64212,24,53309,228343507,66763592,344,CaptialPain,BRONZE
800,150,328866,78,150534,76,118950,230221339,70079315,307,Oinkly,GOLD
801,238,177721,53,69940,412,58147,43684466,29569103,415,BlackSh22p,GOLD
802,67,85418,81,69381,236,60077,226565944,63959644,399,Mao Zédong,GOLD
803,11,306478,157,81158,44,75528,228849474,67600934,393,AwesomeAlvin,GOLD
804,67,58953,92,40261,81,34287,206665419,44062454,137,Peppyjack,GOLD
805,79,26816,53,18265,41,15202,238164727,87002434,108,thanksforlpez,GOLD
806,236,139210,67,76950,81,75472,38873455,24510742,372,4Routsen,PLATINUM
807,50,52829,25,25554,61,21921,236775645,83300441,58,Izanagima,SILVER
808,64,76954,412,54516,4,50981,210076751,47038972,334,ZeroKiting C,GOLD
809,236,71807,412,59213,18,36502,214644439,51774336,296,migsilog45,GOLD
810,86,94089,432,84335,34,81025,214297006,51493146,286,Poppysicle,SILVER
811,202,171410,43,93204,412,70161,234228553,78609133,336,CanIGetUhh,SILVER
812,98,222268,9,77618,67,42601,36066486,22333185,209,Apollwnas,GOLD
813,238,86398,67,53298,236,47394,46711553,31963150,192,ThePredictor,SILVER
814,53,677696,25,543425,34,512510,212872072,50185615,122,Metamorphosed,SILVER
815,89,188915,25,176740,53,116724,39759619,25264697,144,WutsAsummoner,SILVER
816,222,885641,22,193575,16,174613,206422609,43927117,260,FlyingWendigo,GOLD
817,103,345159,7,150052,99,122493,50096717,35489783,300,DaGhost0593,SILVER
818,35,285350,266,92664,23,68503,45555455,38740427,333,Conqueris,SILVER
819,64,201460,238,80497,4,60002,51348874,37551641,190,stealthalpha,SILVER
820,67,96478,245,76497,119,71796,48119243,33381521,380,Gloy,PLATINUM
821,119,129710,236,104936,157,97665,215138984,52323226,395,Emperor Afk,SILVER
822,44,77566,236,61168,86,57044,207251490,44344318,214,Nocturnalcalm,SILVER
823,157,105778,41,82077,78,72186,228586217,67013801,450,Irieze,GOLD
824,61,26511,45,14811,412,14254,33724715,20779369,113,Elastin9,SILVER
825,64,96169,107,56085,51,47298,207575539,44910332,222,TrikkYY,SILVER
826,67,99904,55,92202,77,63839,219786429,58741707,352,ThatLaffyTaffy,SILVER
827,64,39445,99,27804,53,22670,33414858,20444502,343,you should altf4,SILVER
828,254,97182,99,80336,21,74234,200021110,37050575,377,Miles115,GOLD
829,34,41283,112,22898,142,22391,238393419,87499252,141,Moe Amer,GOLD
830,115,13493,18,11613,21,10769,35518939,21935436,116,The DamageZ,SILVER
831,105,253419,53,88538,64,69362,51208924,36831522,177,PoopingBaby,SILVER
832,51,57619,67,55202,11,38566,208162132,45361945,300,G2FH,SILVER
833,64,159812,245,138578,412,106045,213112519,50504682,469,twalty22,GOLD
834,59,52866,238,35503,81,19296,44592913,30443143,127,Danai Boy,GOLD
835,79,140212,236,109146,64,77214,228814537,67820042,468,sploobie,PLATINUM
836,44,463687,53,426128,22,147784,228877390,68119785,203,myrdap,GOLD
837,64,116638,104,105051,61,17510,205691522,43224893,126,Pitr,GOLD
838,131,116507,98,115049,53,76431,38227983,23998468,237,TheHAND of God21,GOLD
839,26,587735,21,117973,115,52472,48653206,34164580,233,Queefy,GOLD
840,67,414118,102,385135,81,144030,228968949,68121965,349,FlashFire444,PLATINUM
841,92,997673,67,231341,99,77974,228986685,67942333,287,catattack64,DIAMOND
842,67,208956,29,144682,64,91823,208425276,45523421,371,Potato Paradox,PLATINUM
843,67,140822,236,104401,412,75377,37099270,23104955,487,Tubbie,PLATINUM
844,4,212161,119,164241,1,58377,232883617,75042251,98,Nightmarê,DIAMOND
845,64,81199,92,68004,41,50665,217360908,55480650,365,Irisvel,PLATINUM
846,103,146573,81,85942,236,69399,202489815,39625125,374,Blayce,DIAMOND
847,432,182554,412,132065,122,87183,227540288,65442369,550,Epictarsier,PLATINUM
848,412,187287,201,124131,12,110722,202126178,39231812,347,Virllen,PLATINUM
849,67,307129,120,163294,29,83804,46775131,31965490,124,Nonos,PLATINUM
850,24,89032,22,83745,12,78616,230984545,71690188,236,TinKo5D,SILVER
851,99,283979,25,118069,50,103366,229831066,69470617,456,MinMyongMeow,SILVER
852,5,624530,11,112652,122,90818,217333860,55319899,158,deadman15,SILVER
853,157,159419,67,126675,64,62434,201021413,38044913,244,D0M1N8ER,SILVER
854,86,48344,19,26073,121,23825,231739984,73013011,250,jarjarAwakens,BRONZE
855,86,265623,99,123840,89,96332,233543028,76779646,138,NathanAshworth,SILVER
856,223,127916,238,74566,101,67743,234817969,79770555,208,lopez1029,SILVER
857,412,50421,497,23038,80,22652,232651964,74780602,157,bballmaster13,BRONZE
858,157,654304,238,109691,64,95867,224838109,61835310,199,OneTrickYasuoo,SILVER
859,157,739456,22,245373,222,241696,227382622,65123967,238,ADC YASU0,SILVER
860,122,403037,14,290542,86,230350,34898086,21572150,336,Skullripper25,SILVER
861,222,44081,36,44008,25,34513,33898732,20785659,164,Bromano,SILVER
862,238,56594,8,55145,38,39971,234712265,79429962,199,Jamesbbb,SILVER
863,67,114829,99,83455,412,64263,209659749,46563379,251,Sooooul,SILVER
864,236,146627,222,133375,21,103831,205751095,43147060,219,DiscoGecko,SILVER
865,27,560125,157,393695,429,170036,201977870,39005824,359,Sniff My Butt,SILVER
866,99,159646,222,116559,22,105720,229528471,68953210,452,Zer0 fk given,SILVER
867,18,101753,11,94059,51,71884,541541,514709,351,Kroeger,GOLD
868,59,136962,37,110327,202,53791,37137586,23173053,305,sairaus,GOLD
869,119,602821,99,200213,412,176945,208956686,45851560,56,Pk Skillz,SILVER
870,202,130221,203,75777,432,72432,224857224,61906777,293,Alp Fra,BRONZE
871,22,215221,106,163560,45,131385,231869736,72966204,134,gunderthunder69,BRONZE
872,81,21900,98,16498,86,15268,43876207,29574707,269,The God Breaker,SILVER
873,99,129369,111,81256,86,59563,216188928,53457036,171,CallMeMrMcnasty,BRONZE
874,245,166642,103,57738,13,29973,232237048,73969190,100,AldenRJ,SILVER
875,157,89280,238,42924,64,40657,227682070,65720745,208,popcornislife,BRONZE
876,202,107997,29,47178,110,32075,43184343,34632834,395,A Very Bad Jhin,BRONZE
877,25,90669,89,46831,53,46653,210721740,47806280,249,SynthesizedGod,BRONZE
878,222,100318,86,65757,53,51420,236673756,82937963,83,waanyf,BRONZE
879,18,180587,22,126733,236,95360,231489698,72660945,142,Semaj0,BRONZE
880,17,51493,150,28916,86,22345,233468629,81331017,123,MangoShqke,BRONZE
881,157,38262,238,8265,107,8027,219844710,58703635,75,GuiKirito,BRONZE
882,25,45891,12,43893,266,39581,42568294,28431242,252,Titty Spr1nkles,BRONZE
883,141,112985,161,71475,67,69051,238089165,86960597,213,DragonFire212,SILVER
884,11,100667,99,92642,202,92241,237311628,84261406,153,playboichino,SILVER
885,58,167438,110,129588,157,91478,232491135,74510952,190,Grokago,SILVER
886,223,139430,53,113094,157,83202,234202791,78559490,367,XDlelXDteemoftw,SILVER
887,55,509798,8,290185,245,217987,226841518,64990145,218,Leviathizz,SILVER
888,16,20740,119,20111,59,16067,208320812,45580074,144,UsgUnknown,BRONZE
889,67,42755,75,40502,8,36098,217988876,56007702,266,Despi101,BRONZE
890,236,188526,67,153606,64,144387,51373706,36718314,481,Deál,PLATINUM
891,39,223867,64,103263,85,41588,42923099,29430864,298,Azmalx,PLATINUM
892,29,47015,222,28026,19,27504,228206434,66889918,72,Shiny Meeew,GOLD
893,238,142174,157,101161,236,90331,47542012,32719310,364,yesokno123,PLATINUM
894,62,101092,254,89633,53,77063,43629077,29423238,107,MaDusk,PLATINUM
895,412,341866,157,232833,76,107585,227672684,65950468,493,Staddis Daddi,GOLD
896,119,356925,126,64198,236,46262,44207878,30012369,252,Autistic Dalton,PLATINUM
897,41,725238,12,151203,119,138786,233094134,77451169,340,runescape99,PLATINUM
898,80,203532,29,89944,267,85052,34817792,21431618,326,Pnorth10inFLACID,PLATINUM
899,201,119033,412,73181,53,70202,37889787,23730081,255,evilvic43,PLATINUM
900,63,104688,81,60408,40,53177,32215221,19521337,371,Pallyzor,GOLD
901,64,50382,53,39990,157,25823,236516369,82964399,186,Snobber,SILVER
902,157,144791,266,90109,236,88173,229316592,68491993,297,Chikken,GOLD
903,61,208681,202,137329,48,111427,227351527,65133156,358,Orbe,GOLD
904,105,121851,67,62926,51,35886,204005056,40925954,190,Destzz,GOLD
905,17,225547,39,121407,92,92437,233834317,76982984,449,chickendog,GOLD
906,157,79359,432,50457,112,36224,36896515,22945488,94,Patthebaker225,SILVER
907,51,371866,81,289470,110,245048,231166504,72080441,147,BedSPOON,GOLD
908,21,106236,29,50251,18,39640,212272293,49235653,181,Penguin Inferno,GOLD
909,64,65302,236,58518,51,48469,210739196,47826723,432,Stone GG,GOLD
910,157,57722,53,52119,64,32984,231519720,72681726,242,dn4rd,SILVER
911,28,62901,19,44769,99,25891,34326267,21078164,189,MacNCheese,BRONZE
912,63,23765,103,22489,21,22322,237431554,84581235,229,SHOOSHE,BRONZE
913,17,100524,157,68335,62,36696,236517878,82914621,189,Het377,BRONZE
914,157,108238,92,86725,107,51708,237370482,84509778,233,Davisushimi,BRONZE
915,12,42591,17,37899,31,30671,215603398,52807260,247,garlic88,BRONZE
916,157,70974,412,45883,122,26224,224886911,61928635,166,broski35,SILVER
917,74,137656,497,75929,201,59787,229702553,69202181,85,Acrowl87,BRONZE
918,114,192632,38,102674,157,41654,221793502,60589903,263,Shinigami2003,BRONZE
919,245,340828,202,178364,163,149670,237381724,84460074,217,TZF ƒusion,SILVER
920,104,250128,64,224393,157,217296,202566319,80589099,443,Dany Dluffy,PLATINUM
921,29,155289,110,148002,22,120946,229127780,68391348,453,Amish Porpoise,PLATINUM
922,1,96681,141,66568,236,57954,39456785,24964601,379,kasinova,PLATINUM
923,107,65473,86,41736,19,33805,236240253,82592060,244,Floki Is Fine,GOLD
924,16,289039,21,288961,222,170845,33710320,20650149,200,SSJ Ammora,PLATINUM
925,429,253165,236,245726,67,233145,229312539,68711908,358,Mangö,GOLD
926,45,249424,61,150491,37,128530,228819343,67580133,384,Yukumi,GOLD
927,157,173777,92,126377,11,89308,204191085,41231666,147,davidepic1,GOLD
928,64,91606,157,90060,107,58486,215082406,52431294,415,AkumaKasai,GOLD
929,122,241348,202,194873,53,158848,220035425,58970158,497,JJDaSackMaster,GOLD
930,412,218141,53,30068,238,26140,214777292,51758633,139,I Thresh Blitz,SILVER
931,51,73255,119,67071,120,62187,205589774,43081405,345,Zelotauros,SILVER
932,157,144915,41,100329,107,53731,233727813,77140006,221,zxetry,SILVER
933,84,64874,157,63114,121,56307,229673612,69291532,294,THExVolTiiK,SILVER
934,222,110682,105,42985,61,25619,224876567,62029132,119,Invultuati,SILVER
935,41,128654,420,79688,102,77380,34235566,21015275,315,Pastafarian613,SILVER
936,157,322978,238,145297,84,127454,234200379,78239221,224,zedyasuo,GOLD
937,105,49838,29,48600,432,36729,212977322,50369330,229,Nordic YMN,SILVER
938,412,11655,40,6550,21,3569,35357692,21821848,34,Sir Shm00py,SILVER
939,236,103928,67,81867,81,72728,203489504,40451905,349,H D,SILVER
940,412,375377,37,146987,43,104763,207350180,44570575,412,SoulwingXD,GOLD
941,67,163786,81,112484,236,92791,236143682,82649935,263,ADC ERUO 443,GOLD
942,67,175298,236,132726,81,66063,215443927,52891031,386,SrgtxWafflz,PLATINUM
943,78,210549,222,134276,89,111920,39141866,24722337,228,HipsterNinja,PLATINUM
944,18,139609,222,114666,99,90155,42897394,28731496,331,midnighth4wk,GOLD
945,67,525084,51,114149,63,64877,228487591,67231096,277,Hey Cunning Girl,SILVER
946,19,59004,11,56194,5,30561,237012758,83431744,49,DolceNight,GOLD
947,112,104068,412,70525,61,61567,39852070,25329309,435,Plebuu,PLATINUM
948,45,458595,15,127228,61,106386,226609756,64269245,168,Tickle Master,PLATINUM
949,9,340620,51,136727,25,122851,223168102,61168024,407,Handsome Yeti,SILVER
950,25,94114,412,73149,44,40160,207147596,44479741,311,iJawaad,GOLD
951,18,108313,236,55908,29,55437,227555589,65502351,234,C9 SneakyFanboy,PLATINUM
952,67,14462,141,6786,81,5031,37748784,23617238,69,TheCrazy8th,GOLD
953,57,97464,17,58437,53,44801,220943396,59734555,204,Throbbin Wo0d,GOLD
954,236,72748,43,56924,67,55331,200464034,37530620,361,It Aint Neil,GOLD
955,64,112934,254,109543,2,91175,226234159,62694829,242,Pretzell,GOLD
956,223,448707,202,58008,75,55432,124664,97825,277,halucid,GOLD
957,29,270307,22,74650,236,54309,234255033,78629750,106,Polecat,GOLD
958,90,114933,28,78395,202,59153,41064376,26443971,361,Faust,GOLD
959,120,61508,113,57097,14,46443,48697212,34196862,290,Rex Profi,GOLD
960,22,882019,45,334763,32,186382,228465736,67130507,203,blueshades,GOLD
961,24,268770,23,136989,11,124793,216643801,53888047,336,bomb57126,GOLD
962,266,192116,98,111982,86,97956,37108331,23142150,390,Monterto,GOLD
963,267,401571,25,198892,43,125825,46803195,31976307,297,RoRoDragon,GOLD
964,202,284431,22,139262,157,133950,234583120,79069444,310,ErickLeGreat,GOLD
965,412,184727,103,94519,64,83048,43816449,29622537,281,oxUNDEADBEASTxo,GOLD
966,222,326768,67,218699,40,184313,218041661,55948459,394,Wet VaJanna,GOLD
967,67,88446,51,56526,29,38842,32340867,19646982,120,JoEtheHoe,GOLD
968,92,586725,157,262779,64,205573,222361401,60608441,490,risen2die,SILVER
969,99,204581,106,34892,154,29715,235674716,81719590,130,Lascelle,PLATINUM
970,76,288128,107,139161,64,97295,38293800,24061204,331,Cat Séxual,PLATINUM
971,432,255716,53,106466,40,67785,35210388,21712521,184,NNAARR,DIAMOND
972,104,263731,421,197292,79,187082,201769241,38896988,301,Bérserk,PLATINUM
973,268,178221,157,68460,99,64287,202813298,39919537,426,Papa Dingo,PLATINUM
974,41,66057,112,53689,43,38873,214852388,51841316,385,xCakeDudex,PLATINUM
975,238,266833,157,186075,412,120288,223338259,61413693,373,Gooder then u,DIAMOND
976,92,365325,55,148903,114,129844,209869002,47012769,394, ƒuckingRivèn,DIAMOND
977,236,185009,24,166310,1,146428,31793830,19099351,445,dopemagic,DIAMOND
978,81,155721,268,129943,98,97932,207269624,44383754,389,Loomí,DIAMOND
979,236,68245,412,31114,64,25137,211038899,48192823,144,Pxrto,PLATINUM
980,67,73075,16,17550,35,14848,231946938,73098123,118,Liliychan3,SILVER
981,267,134598,40,72201,51,50863,32877741,20064279,260,Gankyu,PLATINUM
982,99,152385,40,98534,103,86556,226978866,64723684,276,RaveGrill,GOLD
983,23,37076,4,35045,67,19904,43622605,29462382,105,skaternate48,GOLD
984,67,275259,4,200231,238,188846,51415813,37039498,218,Zerakielle,GOLD
985,34,206492,68,66834,10,46569,46346589,31841525,277,Victory Dragon,PLATINUM
986,67,243006,115,175203,105,128623,43403620,29292109,215,GraveD1gg3r,GOLD
987,268,272877,412,119221,107,104914,208691026,45641977,315,SwegMasterYolo,GOLD
988,64,488217,67,278211,157,121475,46190274,31573249,486,Jerkhack,GOLD
989,67,243767,4,145551,236,80540,44462446,30441518,296,WildMuffin,GOLD
990,92,223053,39,150053,103,126998,219310204,57731455,229,asyncr,SILVER
991,86,110900,78,69678,33,68801,232270587,73909811,164,SuperZilouX,GOLD
992,81,132917,119,111285,157,81440,219065253,57534568,150,Z0diak69,SILVER
993,122,169240,412,144091,53,108778,217701024,55879529,213,MyWifisucksBtw,SILVER
994,238,179857,122,160911,236,133065,230895072,71552150,312,STRIKER1911,SILVER
995,21,314588,90,97040,86,92313,33842536,20742947,268,magikafish,SILVER
996,35,134313,40,113709,25,88036,36727530,23002067,294,TehHaxxor,SILVER
997,157,82378,64,79659,119,76491,231930723,73077776,316,Gerardo1234,SILVER
998,104,129990,107,123720,268,119992,231222681,72111893,239,xTrapG0Dx,GOLD
999,143,109798,18,74311,203,72742,230286769,70310801,194,nikutai,SILVER
